Product ID,Description,Unit ID,Zone,Aisle ,Rack,Level,ContainerType,Number ofContainers,LoosePieces,On Hand,Marked,Available
WV8840C1406/P," NG, 1.5” BRACKET, 4.0” W.C., TEMPERATURE ",107144,BLK , BLK , STO ,21,Carton,0,300,300,0,300
WV8840C1406/P," NG, 1.5” BRACKET, 4.0” W.C., TEMPERATURE ",107145,BLK , BLK , STO ,22,Carton,0,300,300,0,300
WV8840C1406/P," NG, 1.5” BRACKET, 4.0” W.C., TEMPERATURE ",107146,BLK , BLK , STO ,71,Carton,0,300,300,0,300
WV8840C1406/P," NG, 1.5” BRACKET, 4.0” W.C., TEMPERATURE ",107147,BLK , BLK , STO ,74,Carton,0,300,300,0,300
WV8840C1406/P," NG, 1.5” BRACKET, 4.0” W.C., TEMPERATURE ",107148,BLK , BLK , STO ,77,Carton,0,300,300,0,300
WV8840C1406/P," NG, 1.5” BRACKET, 4.0” W.C., TEMPERATURE ",107149,BLK , BLK , STO ,80,Carton,0,300,300,0,300
WV8840C1406/P," NG, 1.5” BRACKET, 4.0” W.C., TEMPERATURE ",107150,BLK , BLK , STO ,82,Carton,0,300,300,0,300
WV8840C1406/P," NG, 1.5” BRACKET, 4.0” W.C., TEMPERATURE ",107151,BLK , BLK , STO ,83,Carton,0,300,300,0,300
WV8840C1406/P," NG, 1.5” BRACKET, 4.0” W.C., TEMPERATURE ",107152,BLK , BLK , STO ,85,Carton,0,300,300,0,300
WV8840C1406/P," NG, 1.5” BRACKET, 4.0” W.C., TEMPERATURE ",107153,BLK , BLK , STO ,87,Carton,0,300,300,0,300
WV8840C1406/P," NG, 1.5” BRACKET, 4.0” W.C., TEMPERATURE ",107154,BLK , BLK , STO ,89,Carton,0,300,300,0,300
WV8840C1406/P," NG, 1.5” BRACKET, 4.0” W.C., TEMPERATURE ",107155,BLK , BLK , STO ,112,Carton,0,300,300,0,300
WV8840C1406/P," NG, 1.5” BRACKET, 4.0” W.C., TEMPERATURE ",107156,BLK , BLK , STO ,138,Carton,0,300,300,0,300
WV8840C1406/P," NG, 1.5” BRACKET, 4.0” W.C., TEMPERATURE ",98402,BLK , BLK , STO ,258,Carton,0,200,200,0,0
WV8840C1406/P," NG, 1.5” BRACKET, 4.0” W.C., TEMPERATURE ",103831,BLK , BLK , STO ,669,Carton,0,200,200,0,0
WV8840C1406/P," NG, 1.5” BRACKET, 4.0” W.C., TEMPERATURE ",105911,East , E01 ,1, B4 ,Carton,0,300,300,0,300
WV8840C1406/P," NG, 1.5” BRACKET, 4.0” W.C., TEMPERATURE ",106138,East , E01 ,1, C2 ,Carton,0,300,300,0,300
WV8840C1406/P," NG, 1.5” BRACKET, 4.0” W.C., TEMPERATURE ",104301,East , E01 ,2, A3 ,Carton,0,300,300,0,300
WV8840C1406/P," NG, 1.5” BRACKET, 4.0” W.C., TEMPERATURE ",108830,East , E01 ,7, B4 ,Carton,0,300,300,0,300
WV8840C1406/P," NG, 1.5” BRACKET, 4.0” W.C., TEMPERATURE ",106137,East , E01 ,8, D2 ,Carton,0,300,300,0,300
WV8840C1406/P," NG, 1.5” BRACKET, 4.0” W.C., TEMPERATURE ",106722,East , E01 ,8, D3 ,Carton,0,300,300,0,300
WV8840C1406/P," NG, 1.5” BRACKET, 4.0” W.C., TEMPERATURE ",106136,East , E01 ,8, D4 ,Carton,0,300,300,0,300
WV8840C1406/P," NG, 1.5” BRACKET, 4.0” W.C., TEMPERATURE ",106416,East , E01 ,10, C4 ,Carton,0,300,300,0,300
WV8840C1406/P," NG, 1.5” BRACKET, 4.0” W.C., TEMPERATURE ",108826,East , E01 ,11, B2 ,Carton,0,300,300,0,300
WV8840C1406/P," NG, 1.5” BRACKET, 4.0” W.C., TEMPERATURE ",106417,East , E01 ,11, C4 ,Carton,0,300,300,0,300
WV8840C1406/P," NG, 1.5” BRACKET, 4.0” W.C., TEMPERATURE ",106418,East , E01 ,12, C3 ,Carton,0,300,300,0,300
WV8840C1406/P," NG, 1.5” BRACKET, 4.0” W.C., TEMPERATURE ",106419,East , E01 ,13, C2 ,Carton,0,300,300,0,300
WV8840C1406/P," NG, 1.5” BRACKET, 4.0” W.C., TEMPERATURE ",106420,East , E01 ,13, C3 ,Carton,0,300,300,0,300
WV8840C1406/P," NG, 1.5” BRACKET, 4.0” W.C., TEMPERATURE ",106421,East , E01 ,13, C4 ,Carton,0,300,300,0,300
WV8840C1406/P," NG, 1.5” BRACKET, 4.0” W.C., TEMPERATURE ",106422,East , E01 ,14, C4 ,Carton,0,300,300,0,300
WV8840C1406/P," NG, 1.5” BRACKET, 4.0” W.C., TEMPERATURE ",106423,East , E01 ,18, C2 ,Carton,0,300,300,0,300
WV8840C1406/P," NG, 1.5” BRACKET, 4.0” W.C., TEMPERATURE ",108014,East , E01 ,23, A4 ,Carton,0,300,300,0,300
WV8840C1406/P," NG, 1.5” BRACKET, 4.0” W.C., TEMPERATURE ",104303,East , E01 ,27, A3 ,Carton,0,300,300,0,300
WV8840C1406/P," NG, 1.5” BRACKET, 4.0” W.C., TEMPERATURE ",107457,East , E01 ,28, D1 ,Carton,0,300,300,0,300
WV8840C1406/P," NG, 1.5” BRACKET, 4.0” W.C., TEMPERATURE ",105552,East , E01 ,29, C2 ,Carton,0,300,300,0,300
WV8840C1406/P," NG, 1.5” BRACKET, 4.0” W.C., TEMPERATURE ",105553,East , E01 ,34, C2 ,Carton,0,300,300,0,300
WV8840C1406/P," NG, 1.5” BRACKET, 4.0” W.C., TEMPERATURE ",105555,East , E01 ,35, C1 ,Carton,0,300,300,0,300
WV8840C1406/P," NG, 1.5” BRACKET, 4.0” W.C., TEMPERATURE ",105554,East , E01 ,35, C3 ,Carton,0,300,300,0,300
WV8840C1406/P," NG, 1.5” BRACKET, 4.0” W.C., TEMPERATURE ",106402,East , E01 ,36, B3 ,Carton,0,300,300,0,300
WV8840C1406/P," NG, 1.5” BRACKET, 4.0” W.C., TEMPERATURE ",105558,East , E01 ,36, C1 ,Carton,0,300,300,0,300
WV8840C1406/P," NG, 1.5” BRACKET, 4.0” W.C., TEMPERATURE ",105557,East , E01 ,36, C2 ,Carton,0,300,300,0,300
WV8840C1406/P," NG, 1.5” BRACKET, 4.0” W.C., TEMPERATURE ",105556,East , E01 ,36, C3 ,Carton,0,300,300,0,300
WV8840C1406/P," NG, 1.5” BRACKET, 4.0” W.C., TEMPERATURE ",105559,East , E01 ,37, C4 ,Carton,0,300,300,0,300
WV8840C1406/P," NG, 1.5” BRACKET, 4.0” W.C., TEMPERATURE ",106403,East , E01 ,38, B4 ,Carton,0,300,300,0,300
WV8840C1406/P," NG, 1.5” BRACKET, 4.0” W.C., TEMPERATURE ",106404,East , E01 ,39, B3 ,Carton,0,300,300,0,300
WV8840C1406/P," NG, 1.5” BRACKET, 4.0” W.C., TEMPERATURE ",106405,East , E01 ,40, B3 ,Carton,0,300,300,0,300
WV8840C1406/P," NG, 1.5” BRACKET, 4.0” W.C., TEMPERATURE ",106721,East , E01 ,44, C3 ,Carton,0,300,300,0,300
WV8840C1406/P," NG, 1.5” BRACKET, 4.0” W.C., TEMPERATURE ",108015,East , E01 ,46, A2 ,Carton,0,300,300,0,300
WV8840C1406/P," NG, 1.5” BRACKET, 4.0” W.C., TEMPERATURE ",106990,East , E02 ,1, C2 ,Carton,1,0,300,0,300
WV8840C1406/P," NG, 1.5” BRACKET, 4.0” W.C., TEMPERATURE ",106991,East , E02 ,1, C4 ,Carton,1,0,300,0,300
WV8840C1406/P," NG, 1.5” BRACKET, 4.0” W.C., TEMPERATURE ",106139,East , E02 ,3, A2 ,Carton,0,300,300,0,300
WV8840C1406/P," NG, 1.5” BRACKET, 4.0” W.C., TEMPERATURE ",106992,East , E02 ,3, C3 ,Carton,1,0,300,0,300
WV8840C1406/P," NG, 1.5” BRACKET, 4.0” W.C., TEMPERATURE ",106993,East , E02 ,4, C4 ,Carton,1,0,300,0,300
WV8840C1406/P," NG, 1.5” BRACKET, 4.0” W.C., TEMPERATURE ",108833,East , E02 ,5, B1 ,Carton,0,300,300,0,300
WV8840C1406/P," NG, 1.5” BRACKET, 4.0” W.C., TEMPERATURE ",106994,East , E02 ,5, C4 ,Carton,1,0,300,0,300
WV8840C1406/P," NG, 1.5” BRACKET, 4.0” W.C., TEMPERATURE ",107458,East , E02 ,6, A1 ,Carton,0,300,300,0,300
WV8840C1406/P," NG, 1.5” BRACKET, 4.0” W.C., TEMPERATURE ",108829,East , E02 ,6, C2 ,Carton,0,300,300,0,300
WV8840C1406/P," NG, 1.5” BRACKET, 4.0” W.C., TEMPERATURE ",108824,East , E02 ,6, D1 ,Carton,0,300,300,0,300
WV8840C1406/P," NG, 1.5” BRACKET, 4.0” W.C., TEMPERATURE ",108016,East , E02 ,7, A4 ,Carton,0,300,300,0,300
WV8840C1406/P," NG, 1.5” BRACKET, 4.0” W.C., TEMPERATURE ",106995,East , E02 ,9, C4 ,Carton,1,0,300,0,300
WV8840C1406/P," NG, 1.5” BRACKET, 4.0” W.C., TEMPERATURE ",108017,East , E02 ,10, A4 ,Carton,0,300,300,0,300
WV8840C1406/P," NG, 1.5” BRACKET, 4.0” W.C., TEMPERATURE ",106996,East , E02 ,10, C3 ,Carton,1,0,300,0,300
WV8840C1406/P," NG, 1.5” BRACKET, 4.0” W.C., TEMPERATURE ",107461,East , E02 ,10, D1 ,Carton,0,300,300,0,300
WV8840C1406/P," NG, 1.5” BRACKET, 4.0” W.C., TEMPERATURE ",106997,East , E02 ,12, C3 ,Carton,1,0,300,0,300
WV8840C1406/P," NG, 1.5” BRACKET, 4.0” W.C., TEMPERATURE ",108825,East , E02 ,12, D3 ,Carton,0,300,300,0,300
WV8840C1406/P," NG, 1.5” BRACKET, 4.0” W.C., TEMPERATURE ",107459,East , E02 ,14, B2 ,Carton,0,300,300,0,300
WV8840C1406/P," NG, 1.5” BRACKET, 4.0” W.C., TEMPERATURE ",106998,East , E02 ,14, C3 ,Carton,1,0,300,0,300
WV8840C1406/P," NG, 1.5” BRACKET, 4.0” W.C., TEMPERATURE ",108834,East , E02 ,17, B3 ,Carton,0,300,300,0,300
WV8840C1406/P," NG, 1.5” BRACKET, 4.0” W.C., TEMPERATURE ",107462,East , E02 ,17, D1 ,Carton,0,300,300,0,300
WV8840C1406/P," NG, 1.5” BRACKET, 4.0” W.C., TEMPERATURE ",105487,East , E02 ,17, D2 ,Carton,0,300,300,0,300
WV8840C1406/P," NG, 1.5” BRACKET, 4.0” W.C., TEMPERATURE ",106140,East , E02 ,19, A2 ,Carton,0,300,300,0,300
WV8840C1406/P," NG, 1.5” BRACKET, 4.0” W.C., TEMPERATURE ",105488,East , E02 ,19, D2 ,Carton,0,300,300,0,300
WV8840C1406/P," NG, 1.5” BRACKET, 4.0” W.C., TEMPERATURE ",106141,East , E02 ,20, A3 ,Carton,0,300,300,0,300
WV8840C1406/P," NG, 1.5” BRACKET, 4.0” W.C., TEMPERATURE ",105489,East , E02 ,21, D2 ,Carton,0,300,300,0,300
WV8840C1406/P," NG, 1.5” BRACKET, 4.0” W.C., TEMPERATURE ",106142,East , E02 ,23, A2 ,Carton,0,300,300,0,300
WV8840C1406/P," NG, 1.5” BRACKET, 4.0” W.C., TEMPERATURE ",106143,East , E02 ,23, A3 ,Carton,0,300,300,0,300
WV8840C1406/P," NG, 1.5” BRACKET, 4.0” W.C., TEMPERATURE ",106989,East , E02 ,23, B4 ,Carton,1,0,300,0,300
WV8840C1406/P," NG, 1.5” BRACKET, 4.0” W.C., TEMPERATURE ",107460,East , E02 ,23, C1 ,Carton,0,300,300,0,300
WV8840C1406/P," NG, 1.5” BRACKET, 4.0” W.C., TEMPERATURE ",105491,East , E02 ,23, D2 ,Carton,0,300,300,0,300
WV8840C1406/P," NG, 1.5” BRACKET, 4.0” W.C., TEMPERATURE ",105490,East , E02 ,23, D4 ,Carton,0,300,300,0,300
WV8840C1406/P," NG, 1.5” BRACKET, 4.0” W.C., TEMPERATURE ",108452,East , E02 ,24, B4 ,Carton,0,300,300,0,300
WV8840C1406/P," NG, 1.5” BRACKET, 4.0” W.C., TEMPERATURE ",108507,East , E02 ,24, D4 ,Carton,0,300,300,0,300
WV8840C1406/P," NG, 1.5” BRACKET, 4.0” W.C., TEMPERATURE ",108018,East , E02 ,28, A4 ,Carton,0,300,300,0,300
WV8840C1406/P," NG, 1.5” BRACKET, 4.0” W.C., TEMPERATURE ",107793,East , E02 ,28, D4 ,Carton,0,300,300,0,300
WV8840C1406/P," NG, 1.5” BRACKET, 4.0” W.C., TEMPERATURE ",108451,East , E02 ,31, B3 ,Carton,0,300,300,0,300
WV8840C1406/P," NG, 1.5” BRACKET, 4.0” W.C., TEMPERATURE ",108453,East , E02 ,31, B4 ,Carton,0,300,300,0,300
WV8840C1406/P," NG, 1.5” BRACKET, 4.0” W.C., TEMPERATURE ",105492,East , E02 ,32, B3 ,Carton,0,300,300,0,300
WV8840C1406/P," NG, 1.5” BRACKET, 4.0” W.C., TEMPERATURE ",108508,East , E02 ,32, D4 ,Carton,0,300,300,0,300
WV8840C1406/P," NG, 1.5” BRACKET, 4.0” W.C., TEMPERATURE ",108019,East , E02 ,34, A4 ,Carton,0,300,300,0,300
WV8840C1406/P," NG, 1.5” BRACKET, 4.0” W.C., TEMPERATURE ",108509,East , E02 ,34, D4 ,Carton,0,300,300,0,300
WV8840C1406/P," NG, 1.5” BRACKET, 4.0” W.C., TEMPERATURE ",108510,East , E02 ,37, D1 ,Carton,0,300,300,0,300
WV8840C1406/P," NG, 1.5” BRACKET, 4.0” W.C., TEMPERATURE ",108511,East , E02 ,38, D4 ,Carton,0,300,300,0,300
WV8840C1406/P," NG, 1.5” BRACKET, 4.0” W.C., TEMPERATURE ",108512,East , E02 ,39, D4 ,Carton,0,300,300,0,300
WV8840C1406/P," NG, 1.5” BRACKET, 4.0” W.C., TEMPERATURE ",108020,East , E02 ,41, A4 ,Carton,0,300,300,0,300
WV8840C1406/P," NG, 1.5” BRACKET, 4.0” W.C., TEMPERATURE ",108513,East , E02 ,41, D3 ,Carton,0,300,300,0,300
WV8840C1406/P," NG, 1.5” BRACKET, 4.0” W.C., TEMPERATURE ",108021,East , E02 ,42, A4 ,Carton,0,300,300,0,300
WV8840C1406/P," NG, 1.5” BRACKET, 4.0” W.C., TEMPERATURE ",108514,East , E02 ,42, D3 ,Carton,0,300,300,0,300
WV8840C1406/P," NG, 1.5” BRACKET, 4.0” W.C., TEMPERATURE ",108515,East , E02 ,42, D4 ,Carton,0,300,300,0,300
WV8840C1406/P," NG, 1.5” BRACKET, 4.0” W.C., TEMPERATURE ",107279,East , E02 ,44, C1 ,Carton,0,300,300,0,300
WV8840C1406/P," NG, 1.5” BRACKET, 4.0” W.C., TEMPERATURE ",107280,East , E02 ,45, B4 ,Carton,0,300,300,0,300
WV8840C1406/P," NG, 1.5” BRACKET, 4.0” W.C., TEMPERATURE ",107281,East , E02 ,45, C1 ,Carton,0,300,300,0,300
WV8840C1406/P," NG, 1.5” BRACKET, 4.0” W.C., TEMPERATURE ",107282,East , E02 ,46, B1 ,Carton,0,300,300,0,300
WV8840C1406/P," NG, 1.5” BRACKET, 4.0” W.C., TEMPERATURE ",107284,East , E03 ,1, B4 ,Carton,0,300,300,0,300
WV8840C1406/P," NG, 1.5” BRACKET, 4.0” W.C., TEMPERATURE ",105910,East , E03 ,1, C1 ,Carton,0,300,300,0,300
WV8840C1406/P," NG, 1.5” BRACKET, 4.0” W.C., TEMPERATURE ",105909,East , E03 ,1, C3 ,Carton,0,300,300,0,300
WV8840C1406/P," NG, 1.5” BRACKET, 4.0” W.C., TEMPERATURE ",105647,East , E03 ,1, D1 ,Carton,0,300,300,0,300
WV8840C1406/P," NG, 1.5” BRACKET, 4.0” W.C., TEMPERATURE ",105648,East , E03 ,1, D2 ,Carton,0,300,300,0,300
WV8840C1406/P," NG, 1.5” BRACKET, 4.0” W.C., TEMPERATURE ",105650,East , E03 ,2, B2 ,Carton,0,300,300,0,300
WV8840C1406/P," NG, 1.5” BRACKET, 4.0” W.C., TEMPERATURE ",105649,East , E03 ,2, B4 ,Carton,0,300,300,0,300
WV8840C1406/P," NG, 1.5” BRACKET, 4.0” W.C., TEMPERATURE ",105654,East , E03 ,2, C1 ,Carton,0,300,300,0,300
WV8840C1406/P," NG, 1.5” BRACKET, 4.0” W.C., TEMPERATURE ",105653,East , E03 ,2, C2 ,Carton,0,300,300,0,300
WV8840C1406/P," NG, 1.5” BRACKET, 4.0” W.C., TEMPERATURE ",105652,East , E03 ,2, C3 ,Carton,0,300,300,0,300
WV8840C1406/P," NG, 1.5” BRACKET, 4.0” W.C., TEMPERATURE ",105651,East , E03 ,2, C4 ,Carton,0,300,300,0,300
WV8840C1406/P," NG, 1.5” BRACKET, 4.0” W.C., TEMPERATURE ",105658,East , E03 ,2, D1 ,Carton,0,300,300,0,300
WV8840C1406/P," NG, 1.5” BRACKET, 4.0” W.C., TEMPERATURE ",105657,East , E03 ,2, D2 ,Carton,0,300,300,0,300
WV8840C1406/P," NG, 1.5” BRACKET, 4.0” W.C., TEMPERATURE ",105656,East , E03 ,2, D3 ,Carton,0,300,300,0,300
WV8840C1406/P," NG, 1.5” BRACKET, 4.0” W.C., TEMPERATURE ",105655,East , E03 ,2, D4 ,Carton,0,300,300,0,300
WV8840C1406/P," NG, 1.5” BRACKET, 4.0” W.C., TEMPERATURE ",107463,East , E03 ,3, A2 ,Carton,0,300,300,0,300
WV8840C1406/P," NG, 1.5” BRACKET, 4.0” W.C., TEMPERATURE ",107285,East , E03 ,3, B3 ,Carton,0,300,300,0,300
WV8840C1406/P," NG, 1.5” BRACKET, 4.0” W.C., TEMPERATURE ",105659,East , E03 ,3, B4 ,Carton,0,300,300,0,300
WV8840C1406/P," NG, 1.5” BRACKET, 4.0” W.C., TEMPERATURE ",108831,East , E03 ,6, D3 ,Carton,0,300,300,0,300
WV8840C1406/P," NG, 1.5” BRACKET, 4.0” W.C., TEMPERATURE ",108832,East , E03 ,6, D4 ,Carton,0,300,300,0,300
WV8840C1406/P," NG, 1.5” BRACKET, 4.0” W.C., TEMPERATURE ",107314,East , E03 ,7, D1 ,Carton,0,300,300,0,300
WV8840C1406/P," NG, 1.5” BRACKET, 4.0” W.C., TEMPERATURE ",105715,East , E03 ,7, D2 ,Carton,0,300,300,0,300
WV8840C1406/P," NG, 1.5” BRACKET, 4.0” W.C., TEMPERATURE ",105718,East , E03 ,8, C1 ,Carton,0,300,300,0,300
WV8840C1406/P," NG, 1.5” BRACKET, 4.0” W.C., TEMPERATURE ",105717,East , E03 ,8, C2 ,Carton,0,300,300,0,300
WV8840C1406/P," NG, 1.5” BRACKET, 4.0” W.C., TEMPERATURE ",105716,East , E03 ,8, C4 ,Carton,0,300,300,0,300
WV8840C1406/P," NG, 1.5” BRACKET, 4.0” W.C., TEMPERATURE ",105722,East , E03 ,8, D1 ,Carton,0,300,300,0,300
WV8840C1406/P," NG, 1.5” BRACKET, 4.0” W.C., TEMPERATURE ",105721,East , E03 ,8, D2 ,Carton,0,300,300,0,300
WV8840C1406/P," NG, 1.5” BRACKET, 4.0” W.C., TEMPERATURE ",105720,East , E03 ,8, D3 ,Carton,0,300,300,0,300
WV8840C1406/P," NG, 1.5” BRACKET, 4.0” W.C., TEMPERATURE ",105719,East , E03 ,8, D4 ,Carton,0,300,300,0,300
WV8840C1406/P," NG, 1.5” BRACKET, 4.0” W.C., TEMPERATURE ",107316,East , E03 ,9, D3 ,Carton,0,300,300,0,300
WV8840C1406/P," NG, 1.5” BRACKET, 4.0” W.C., TEMPERATURE ",105726,East , E03 ,10, C1 ,Carton,0,300,300,0,300
WV8840C1406/P," NG, 1.5” BRACKET, 4.0” W.C., TEMPERATURE ",105725,East , E03 ,10, C2 ,Carton,0,300,300,0,300
WV8840C1406/P," NG, 1.5” BRACKET, 4.0” W.C., TEMPERATURE ",105724,East , E03 ,10, C3 ,Carton,0,300,300,0,300
WV8840C1406/P," NG, 1.5” BRACKET, 4.0” W.C., TEMPERATURE ",105723,East , E03 ,10, C4 ,Carton,0,300,300,0,300
WV8840C1406/P," NG, 1.5” BRACKET, 4.0” W.C., TEMPERATURE ",105730,East , E03 ,10, D1 ,Carton,0,300,300,0,300
WV8840C1406/P," NG, 1.5” BRACKET, 4.0” W.C., TEMPERATURE ",105729,East , E03 ,10, D2 ,Carton,0,300,300,0,300
WV8840C1406/P," NG, 1.5” BRACKET, 4.0” W.C., TEMPERATURE ",105728,East , E03 ,10, D3 ,Carton,0,300,300,0,300
WV8840C1406/P," NG, 1.5” BRACKET, 4.0” W.C., TEMPERATURE ",105727,East , E03 ,10, D4 ,Carton,0,300,300,0,300
WV8840C1406/P," NG, 1.5” BRACKET, 4.0” W.C., TEMPERATURE ",106796,East , E03 ,11, B3 ,Carton,0,300,300,0,300
WV8840C1406/P," NG, 1.5” BRACKET, 4.0” W.C., TEMPERATURE ",105732,East , E03 ,11, C1 ,Carton,0,300,300,0,300
WV8840C1406/P," NG, 1.5” BRACKET, 4.0” W.C., TEMPERATURE ",105731,East , E03 ,11, C3 ,Carton,0,300,300,0,300
WV8840C1406/P," NG, 1.5” BRACKET, 4.0” W.C., TEMPERATURE ",105735,East , E03 ,11, D2 ,Carton,0,300,300,0,300
WV8840C1406/P," NG, 1.5” BRACKET, 4.0” W.C., TEMPERATURE ",105734,East , E03 ,11, D3 ,Carton,0,300,300,0,300
WV8840C1406/P," NG, 1.5” BRACKET, 4.0” W.C., TEMPERATURE ",105733,East , E03 ,11, D4 ,Carton,0,300,300,0,300
WV8840C1406/P," NG, 1.5” BRACKET, 4.0” W.C., TEMPERATURE ",106797,East , E03 ,12, B4 ,Carton,0,300,300,0,300
WV8840C1406/P," NG, 1.5” BRACKET, 4.0” W.C., TEMPERATURE ",108022,East , E03 ,13, A4 ,Carton,0,300,300,0,300
WV8840C1406/P," NG, 1.5” BRACKET, 4.0” W.C., TEMPERATURE ",105912,East , E03 ,14, C2 ,Carton,0,300,300,0,300
WV8840C1406/P," NG, 1.5” BRACKET, 4.0” W.C., TEMPERATURE ",107309,East , E03 ,15, C2 ,Carton,0,300,300,0,300
WV8840C1406/P," NG, 1.5” BRACKET, 4.0” W.C., TEMPERATURE ",107310,East , E03 ,17, C2 ,Carton,0,300,300,0,300
WV8840C1406/P," NG, 1.5” BRACKET, 4.0” W.C., TEMPERATURE ",106287,East , E03 ,18, B4 ,Carton,0,300,300,0,300
WV8840C1406/P," NG, 1.5” BRACKET, 4.0” W.C., TEMPERATURE ",105777,East , E03 ,19, B1 ,Carton,0,300,300,0,300
WV8840C1406/P," NG, 1.5” BRACKET, 4.0” W.C., TEMPERATURE ",105776,East , E03 ,19, B2 ,Carton,0,300,300,0,300
WV8840C1406/P," NG, 1.5” BRACKET, 4.0” W.C., TEMPERATURE ",105781,East , E03 ,19, D1 ,Carton,0,300,300,0,300
WV8840C1406/P," NG, 1.5” BRACKET, 4.0” W.C., TEMPERATURE ",105780,East , E03 ,19, D2 ,Carton,0,300,300,0,300
WV8840C1406/P," NG, 1.5” BRACKET, 4.0” W.C., TEMPERATURE ",105779,East , E03 ,19, D3 ,Carton,0,300,300,0,300
WV8840C1406/P," NG, 1.5” BRACKET, 4.0” W.C., TEMPERATURE ",105778,East , E03 ,19, D4 ,Carton,0,300,300,0,300
WV8840C1406/P," NG, 1.5” BRACKET, 4.0” W.C., TEMPERATURE ",106288,East , E03 ,20, B4 ,Carton,0,300,300,0,300
WV8840C1406/P," NG, 1.5” BRACKET, 4.0” W.C., TEMPERATURE ",106289,East , E03 ,21, B3 ,Carton,0,300,300,0,300
WV8840C1406/P," NG, 1.5” BRACKET, 4.0” W.C., TEMPERATURE ",106290,East , E03 ,21, B4 ,Carton,0,300,300,0,300
WV8840C1406/P," NG, 1.5” BRACKET, 4.0” W.C., TEMPERATURE ",105782,East , E03 ,21, D2 ,Carton,0,300,300,0,300
WV8840C1406/P," NG, 1.5” BRACKET, 4.0” W.C., TEMPERATURE ",108024,East , E03 ,24, A1 ,Carton,0,300,300,0,300
WV8840C1406/P," NG, 1.5” BRACKET, 4.0” W.C., TEMPERATURE ",108299,East , E03 ,25, C2 ,Carton,0,300,300,0,300
WV8840C1406/P," NG, 1.5” BRACKET, 4.0” W.C., TEMPERATURE ",104298,East , E03 ,28, A4 ,Carton,0,200,200,0,200
WV8840C1406/P," NG, 1.5” BRACKET, 4.0” W.C., TEMPERATURE ",105914,East , E03 ,28, B1 ,Carton,0,300,300,0,300
WV8840C1406/P," NG, 1.5” BRACKET, 4.0” W.C., TEMPERATURE ",105913,East , E03 ,28, B2 ,Carton,0,300,300,0,300
WV8840C1406/P," NG, 1.5” BRACKET, 4.0” W.C., TEMPERATURE ",105915,East , E03 ,29, B2 ,Carton,0,300,300,0,300
WV8840C1406/P," NG, 1.5” BRACKET, 4.0” W.C., TEMPERATURE ",108303,East , E03 ,29, D1 ,Carton,0,300,300,0,300
WV8840C1406/P," NG, 1.5” BRACKET, 4.0” W.C., TEMPERATURE ",108304,East , E03 ,29, D2 ,Carton,0,300,300,0,300
WV8840C1406/P," NG, 1.5” BRACKET, 4.0” W.C., TEMPERATURE ",104302,East , E03 ,30, A3 ,Carton,0,300,300,0,300
WV8840C1406/P," NG, 1.5” BRACKET, 4.0” W.C., TEMPERATURE ",108881,East , E03 ,31, C2 ,Carton,0,300,300,0,300
WV8840C1406/P," NG, 1.5” BRACKET, 4.0” W.C., TEMPERATURE ",108880,East , E03 ,31, C3 ,Carton,0,300,300,0,300
WV8840C1406/P," NG, 1.5” BRACKET, 4.0” W.C., TEMPERATURE ",108879,East , E03 ,31, C4 ,Carton,0,300,300,0,300
WV8840C1406/P," NG, 1.5” BRACKET, 4.0” W.C., TEMPERATURE ",108023,East , E03 ,39, A4 ,Carton,0,300,300,0,300
WV8840C1406/P," NG, 1.5” BRACKET, 4.0” W.C., TEMPERATURE ",104143,East , E03 ,39, B1 ,Carton,0,300,300,0,300
WV8840C1406/P," NG, 1.5” BRACKET, 4.0” W.C., TEMPERATURE ",104142,East , E03 ,39, B3 ,Carton,0,300,300,0,300
WV8840C1406/P," NG, 1.5” BRACKET, 4.0” W.C., TEMPERATURE ",104299,East , E03 ,40, A4 ,Carton,0,300,300,0,300
WV8840C1406/P," NG, 1.5” BRACKET, 4.0” W.C., TEMPERATURE ",108300,East , E03 ,40, C1 ,Carton,0,300,300,0,300
WV8840C1406/P," NG, 1.5” BRACKET, 4.0” W.C., TEMPERATURE ",108301,East , E03 ,40, C2 ,Carton,0,300,300,0,300
WV8840C1406/P," NG, 1.5” BRACKET, 4.0” W.C., TEMPERATURE ",104141,East , E03 ,40, D1 ,Carton,0,300,300,0,300
WV8840C1406/P," NG, 1.5” BRACKET, 4.0” W.C., TEMPERATURE ",104140,East , E03 ,40, D2 ,Carton,0,300,300,0,300
WV8840C1406/P," NG, 1.5” BRACKET, 4.0” W.C., TEMPERATURE ",104139,East , E03 ,40, D3 ,Carton,0,300,300,0,300
WV8840C1406/P," NG, 1.5” BRACKET, 4.0” W.C., TEMPERATURE ",108297,East , E03 ,44, B1 ,Carton,0,300,300,0,300
WV8840C1406/P," NG, 1.5” BRACKET, 4.0” W.C., TEMPERATURE ",108298,East , E03 ,45, B2 ,Carton,0,300,300,0,300
WV8840C1406/P," NG, 1.5” BRACKET, 4.0” W.C., TEMPERATURE ",108302,East , E03 ,46, C2 ,Carton,0,300,300,0,300
WV8840C1406/P," NG, 1.5” BRACKET, 4.0” W.C., TEMPERATURE ",107283,East , E03 ,46, C3 ,Carton,0,300,300,0,300
WV8840C1406/P," NG, 1.5” BRACKET, 4.0” W.C., TEMPERATURE ",104460,East , E04 ,1, A2 ,Carton,0,300,300,0,300
WV8840C1406/P," NG, 1.5” BRACKET, 4.0” W.C., TEMPERATURE ",107286,East , E04 ,1, C1 ,Carton,0,300,300,0,300
WV8840C1406/P," NG, 1.5” BRACKET, 4.0” W.C., TEMPERATURE ",108985,East , E04 ,1, D2 ,Carton,0,300,300,0,300
WV8840C1406/P," NG, 1.5” BRACKET, 4.0” W.C., TEMPERATURE ",107287,East , E04 ,1, D3 ,Carton,0,300,300,0,300
WV8840C1406/P," NG, 1.5” BRACKET, 4.0” W.C., TEMPERATURE ",108984,East , E04 ,3, B1 ,Carton,0,300,300,0,300
WV8840C1406/P," NG, 1.5” BRACKET, 4.0” W.C., TEMPERATURE ",108983,East , E04 ,3, D1 ,Carton,0,300,300,0,300
WV8840C1406/P," NG, 1.5” BRACKET, 4.0” W.C., TEMPERATURE ",108982,East , E04 ,3, D2 ,Carton,0,300,300,0,300
WV8840C1406/P," NG, 1.5” BRACKET, 4.0” W.C., TEMPERATURE ",108981,East , E04 ,3, D3 ,Carton,0,300,300,0,300
WV8840C1406/P," NG, 1.5” BRACKET, 4.0” W.C., TEMPERATURE ",107048,East , E04 ,5, A3 ,Carton,0,300,300,0,300
WV8840C1406/P," NG, 1.5” BRACKET, 4.0” W.C., TEMPERATURE ",106562,East , E04 ,5, B1 ,Carton,0,300,300,0,300
WV8840C1406/P," NG, 1.5” BRACKET, 4.0” W.C., TEMPERATURE ",107049,East , E04 ,6, A4 ,Carton,0,300,300,0,300
WV8840C1406/P," NG, 1.5” BRACKET, 4.0” W.C., TEMPERATURE ",106563,East , E04 ,6, B3 ,Carton,0,300,300,0,300
WV8840C1406/P," NG, 1.5” BRACKET, 4.0” W.C., TEMPERATURE ",107050,East , E04 ,8, A1 ,Carton,0,300,300,0,300
WV8840C1406/P," NG, 1.5” BRACKET, 4.0” W.C., TEMPERATURE ",107051,East , E04 ,8, A4 ,Carton,0,300,300,0,300
WV8840C1406/P," NG, 1.5” BRACKET, 4.0” W.C., TEMPERATURE ",106589,East , E04 ,8, C3 ,Carton,0,300,300,0,300
WV8840C1406/P," NG, 1.5” BRACKET, 4.0” W.C., TEMPERATURE ",106590,East , E04 ,8, C4 ,Carton,0,300,300,0,300
WV8840C1406/P," NG, 1.5” BRACKET, 4.0” W.C., TEMPERATURE ",107560,East , E04 ,9, A3 ,Carton,0,300,300,0,300
WV8840C1406/P," NG, 1.5” BRACKET, 4.0” W.C., TEMPERATURE ",104300,East , E04 ,9, A4 ,Carton,0,300,300,0,300
WV8840C1406/P," NG, 1.5” BRACKET, 4.0” W.C., TEMPERATURE ",106591,East , E04 ,9, C1 ,Carton,0,300,300,0,300
WV8840C1406/P," NG, 1.5” BRACKET, 4.0” W.C., TEMPERATURE ",106592,East , E04 ,9, C2 ,Carton,0,300,300,0,300
WV8840C1406/P," NG, 1.5” BRACKET, 4.0” W.C., TEMPERATURE ",107052,East , E04 ,10, A1 ,Carton,0,300,300,0,300
WV8840C1406/P," NG, 1.5” BRACKET, 4.0” W.C., TEMPERATURE ",107561,East , E04 ,10, A3 ,Carton,0,300,300,0,300
WV8840C1406/P," NG, 1.5” BRACKET, 4.0” W.C., TEMPERATURE ",104461,East , E04 ,11, A2 ,Carton,0,300,300,0,300
WV8840C1406/P," NG, 1.5” BRACKET, 4.0” W.C., TEMPERATURE ",107923,East , E04 ,13, C4 ,Carton,0,300,300,0,300
WV8840C1406/P," NG, 1.5” BRACKET, 4.0” W.C., TEMPERATURE ",107767,East , E04 ,15, C2 ,Carton,0,300,300,0,300
WV8840C1406/P," NG, 1.5” BRACKET, 4.0” W.C., TEMPERATURE ",104462,East , E04 ,16, A2 ,Carton,0,300,300,0,300
WV8840C1406/P," NG, 1.5” BRACKET, 4.0” W.C., TEMPERATURE ",107924,East , E04 ,16, C4 ,Carton,0,300,300,0,300
WV8840C1406/P," NG, 1.5” BRACKET, 4.0” W.C., TEMPERATURE ",107925,East , E04 ,17, C4 ,Carton,0,300,300,0,300
WV8840A1057/P, VESTA 2.0 WATER HEATER GAS VALVE ,109008,East , E04 ,19, A1 ,Carton,0,300,300,300,0
WV8840C1406/P," NG, 1.5” BRACKET, 4.0” W.C., TEMPERATURE ",107926,East , E04 ,19, C3 ,Carton,0,300,300,0,300
WV8840C1406/P," NG, 1.5” BRACKET, 4.0” W.C., TEMPERATURE ",107927,East , E04 ,20, C4 ,Carton,0,300,300,0,300
WV8840C1406/P," NG, 1.5” BRACKET, 4.0” W.C., TEMPERATURE ",104304,East , E04 ,22, A3 ,Carton,0,300,300,0,300
WV8840C1406/P," NG, 1.5” BRACKET, 4.0” W.C., TEMPERATURE ",104463,East , E04 ,23, A2 ,Carton,0,300,300,0,300
WV8840C1406/P," NG, 1.5” BRACKET, 4.0” W.C., TEMPERATURE ",107562,East , E04 ,25, A3 ,Carton,0,300,300,0,300
WV8840C1406/P," NG, 1.5” BRACKET, 4.0” W.C., TEMPERATURE ",106558,East , E04 ,26, A4 ,Carton,0,300,300,0,300
WV8840C1406/P," NG, 1.5” BRACKET, 4.0” W.C., TEMPERATURE ",107053,East , E04 ,27, A4 ,Carton,0,300,300,0,300
WV8840C1406/P," NG, 1.5” BRACKET, 4.0” W.C., TEMPERATURE ",107054,East , E04 ,28, A1 ,Carton,0,300,300,0,300
WV8840C1406/P," NG, 1.5” BRACKET, 4.0” W.C., TEMPERATURE ",107055,East , E04 ,28, A3 ,Carton,0,300,300,0,300
WV8840C1406/P," NG, 1.5” BRACKET, 4.0” W.C., TEMPERATURE ",104305,East , E04 ,29, A3 ,Carton,0,300,300,0,300
WV8840C1406/P," NG, 1.5” BRACKET, 4.0” W.C., TEMPERATURE ",106559,East , E04 ,29, A4 ,Carton,0,300,300,0,300
WV8840C1406/P," NG, 1.5” BRACKET, 4.0” W.C., TEMPERATURE ",106560,East , E04 ,31, A3 ,Carton,0,300,300,0,300
WV8840C1406/P," NG, 1.5” BRACKET, 4.0” W.C., TEMPERATURE ",104464,East , E04 ,35, A2 ,Carton,0,300,300,0,300
WV8840C1406/P," NG, 1.5” BRACKET, 4.0” W.C., TEMPERATURE ",106561,East , E04 ,36, A3 ,Carton,0,300,300,0,300
WV8840C1406/P," NG, 1.5” BRACKET, 4.0” W.C., TEMPERATURE ",105904,East , E04 ,38, D1 ,Carton,0,300,300,0,300
WV8840C1406/P," NG, 1.5” BRACKET, 4.0” W.C., TEMPERATURE ",105905,East , E04 ,39, C1 ,Carton,0,300,300,0,300
WV8840C1406/P," NG, 1.5” BRACKET, 4.0” W.C., TEMPERATURE ",108325,East , E04 ,40, D1 ,Carton,0,300,300,0,300
WV8840C1406/P," NG, 1.5” BRACKET, 4.0” W.C., TEMPERATURE ",104056,East , E04 ,40, D2 ,Carton,0,200,200,200,0
WV8840C1406/P," NG, 1.5” BRACKET, 4.0” W.C., TEMPERATURE ",108324,East , E04 ,40, D3 ,Carton,0,300,300,0,300
WV8840C1406/P," NG, 1.5” BRACKET, 4.0” W.C., TEMPERATURE ",104055,East , E04 ,40, D4 ,Carton,0,200,200,200,0
WV8840C1406/P," NG, 1.5” BRACKET, 4.0” W.C., TEMPERATURE ",104465,East , E04 ,41, A2 ,Carton,0,300,300,0,300
WV8840C1406/P," NG, 1.5” BRACKET, 4.0” W.C., TEMPERATURE ",104053,East , E04 ,41, C2 ,Carton,0,200,200,200,0
WV8840C1406/P," NG, 1.5” BRACKET, 4.0” W.C., TEMPERATURE ",105906,East , E04 ,41, C3 ,Carton,0,300,300,0,300
WV8840C1406/P," NG, 1.5” BRACKET, 4.0” W.C., TEMPERATURE ",104052,East , E04 ,41, C4 ,Carton,0,200,200,200,0
WV8840C1406/P," NG, 1.5” BRACKET, 4.0” W.C., TEMPERATURE ",104054,East , E04 ,41, D2 ,Carton,0,200,200,200,0
WV8840C1406/P," NG, 1.5” BRACKET, 4.0” W.C., TEMPERATURE ",108835,East , E05 ,5, C2 ,Carton,0,300,300,0,300
WV8840A1057/P, VESTA 2.0 WATER HEATER GAS VALVE ,108930,East , E05 ,10, D1 ,Carton,0,300,300,300,0
WV8840C1406/P," NG, 1.5” BRACKET, 4.0” W.C., TEMPERATURE ",109493,East , E05 ,14, D2 ,Carton,0,300,300,0,300
WV8840A1057/P, VESTA 2.0 WATER HEATER GAS VALVE ,108929,East , E05 ,18, C2 ,Carton,0,300,300,300,0
WV8840A1057/P, VESTA 2.0 WATER HEATER GAS VALVE ,108928,East , E05 ,19, C1 ,Carton,0,300,300,300,0
WV8840C1406/P," NG, 1.5” BRACKET, 4.0” W.C., TEMPERATURE ",108330,East , E05 ,26, C1 ,Carton,0,300,300,0,300
WV8840C1406/P," NG, 1.5” BRACKET, 4.0” W.C., TEMPERATURE ",108326,East , E05 ,27, B2 ,Carton,0,300,300,0,300
WV8840C1406/P," NG, 1.5” BRACKET, 4.0” W.C., TEMPERATURE ",108327,East , E05 ,28, B1 ,Carton,0,300,300,0,300
WV8840C1406/P," NG, 1.5” BRACKET, 4.0” W.C., TEMPERATURE ",108328,East , E05 ,28, B2 ,Carton,0,300,300,0,300
WV8840C1406/P," NG, 1.5” BRACKET, 4.0” W.C., TEMPERATURE ",109486,East , E05 ,31, E2 ,Carton,0,300,300,0,300
WV8840C1406/P," NG, 1.5” BRACKET, 4.0” W.C., TEMPERATURE ",109487,East , E05 ,32, E1 ,Carton,0,300,300,0,300
WV8840C1406/P," NG, 1.5” BRACKET, 4.0” W.C., TEMPERATURE ",109488,East , E05 ,33, E2 ,Carton,0,300,300,0,300
WV8840C1406/P," NG, 1.5” BRACKET, 4.0” W.C., TEMPERATURE ",109489,East , E05 ,34, E2 ,Carton,0,300,300,0,300
WV8840C1406/P," NG, 1.5” BRACKET, 4.0” W.C., TEMPERATURE ",108329,East , E05 ,36, B2 ,Carton,0,300,300,0,300
WV8840C1406/P," NG, 1.5” BRACKET, 4.0” W.C., TEMPERATURE ",109252,East , E05 ,37, B2 ,Carton,0,300,300,0,300
WV8840C1406/P," NG, 1.5” BRACKET, 4.0” W.C., TEMPERATURE ",109490,East , E05 ,37, E2 ,Carton,0,300,300,0,300
WV8840C1406/P," NG, 1.5” BRACKET, 4.0” W.C., TEMPERATURE ",109491,East , E05 ,41, E2 ,Carton,0,300,300,0,300
WV8840C1406/P," NG, 1.5” BRACKET, 4.0” W.C., TEMPERATURE ",109492,East , E05 ,42, E1 ,Carton,0,300,300,0,300
WV8840A1057/P, VESTA 2.0 WATER HEATER GAS VALVE ,108931,East , E06 ,3, C1 ,Carton,0,300,300,300,0
WV8840C1406/P," NG, 1.5” BRACKET, 4.0” W.C., TEMPERATURE ",108935,East , E06 ,3, C2 ,Carton,0,300,300,0,300
WV8840C1406/P," NG, 1.5” BRACKET, 4.0” W.C., TEMPERATURE ",108827,East , E06 ,4, E1 ,Carton,0,300,300,0,300
WV8840A1057/P, VESTA 2.0 WATER HEATER GAS VALVE ,108932,East , E06 ,5, C1 ,Carton,0,300,300,300,0
WV8840C1406/P," NG, 1.5” BRACKET, 4.0” W.C., TEMPERATURE ",108828,East , E06 ,9, E2 ,Carton,0,300,300,0,300
WV8840A1057/P, VESTA 2.0 WATER HEATER GAS VALVE ,108933,East , E06 ,14, C1 ,Carton,0,300,300,300,0
WV8840C1406/P," NG, 1.5” BRACKET, 4.0” W.C., TEMPERATURE ",108934,East , E06 ,16, C1 ,Carton,0,300,300,0,300
WV8840C1406/P," NG, 1.5” BRACKET, 4.0” W.C., TEMPERATURE ",107546,East , E06 ,16, C2 ,Carton,0,300,300,0,300
WV8840C1406/P," NG, 1.5” BRACKET, 4.0” W.C., TEMPERATURE ",107547,East , E06 ,18, C1 ,Carton,0,300,300,0,300
WV8840C1406/P," NG, 1.5” BRACKET, 4.0” W.C., TEMPERATURE ",107548,East , E06 ,18, C2 ,Carton,0,300,300,0,300
WV8840C1406/P," NG, 1.5” BRACKET, 4.0” W.C., TEMPERATURE ",107549,East , E06 ,19, C1 ,Carton,0,300,300,0,300
WV8840C1406/P," NG, 1.5” BRACKET, 4.0” W.C., TEMPERATURE ",107550,East , E06 ,19, E2 ,Carton,0,300,300,0,300
WV8840C1406/P," NG, 1.5” BRACKET, 4.0” W.C., TEMPERATURE ",61722,STG , STG , STG ,96,Carton,0,200,200,0,0
WV8840C1406/P," NG, 1.5” BRACKET, 4.0” W.C., TEMPERATURE ",107304,West ,3,8, B3 ,Carton,0,300,300,0,300
WV8840C1406/P," NG, 1.5” BRACKET, 4.0” W.C., TEMPERATURE ",107305,West ,3,14, B1 ,Carton,0,300,300,0,300
WV8840C1406/P," NG, 1.5” BRACKET, 4.0” W.C., TEMPERATURE ",107307,West ,4,10, D1 ,Carton,0,300,300,0,300
WV8840C1406/P," NG, 1.5” BRACKET, 4.0” W.C., TEMPERATURE ",107306,West ,4,10, D2 ,Carton,0,300,300,0,300
WV8840C1406/P," NG, 1.5” BRACKET, 4.0” W.C., TEMPERATURE ",107308,West ,4,19, B2 ,Carton,0,300,300,0,300
WV8840C1406/P," NG, 1.5” BRACKET, 4.0” W.C., TEMPERATURE ",107312,West ,4,23, B2 ,Carton,0,300,300,0,300
WV8840C1406/P," NG, 1.5” BRACKET, 4.0” W.C., TEMPERATURE ",109250,West ,4,34, A1 ,Carton,0,300,300,0,300
WV8840C1406/P," NG, 1.5” BRACKET, 4.0” W.C., TEMPERATURE ",109251,West ,4,45, A1 ,Carton,0,300,300,0,300
WV8840C1406/P," NG, 1.5” BRACKET, 4.0” W.C., TEMPERATURE ",107311,West ,5,11, D3 ,Carton,0,300,300,0,300
WV8840C1406/P," NG, 1.5” BRACKET, 4.0” W.C., TEMPERATURE ",107315,West ,5,15, D2 ,Carton,0,300,300,0,300
WV8840C1406/P," NG, 1.5” BRACKET, 4.0” W.C., TEMPERATURE ",107313,West ,6,1, B4 ,Carton,0,300,300,0,300
WV8840C1406/P," NG, 1.5” BRACKET, 4.0” W.C., TEMPERATURE ",107288,West ,6,3, B4 ,Carton,0,300,300,0,300
WV8840C1406/P," NG, 1.5” BRACKET, 4.0” W.C., TEMPERATURE ",107290,West ,6,3, D4 ,Carton,0,300,300,0,300
WV8840C1406/P," NG, 1.5” BRACKET, 4.0” W.C., TEMPERATURE ",107289,West ,6,5, C3 ,Carton,0,300,300,0,300
