cus_id,cus_name,product_id,product_description,unit_id,zone,aisle,rack,level,on_hand,marked,available
  CUS529 , Resideo,WV8840C1406/P,"NG, 1.5” BRACKET, 4.0” W.C., TEMPERATURE ",107144,BLK , BLK , STO , 021 ,300,0,300
  CUS529 , Resideo,WV8840C1406/P,"NG, 1.5” BRACKET, 4.0” W.C., TEMPERATURE ",107145,BLK , BLK , STO , 022 ,300,0,300
  CUS529 , Resideo,WV8840C1406/P,"NG, 1.5” BRACKET, 4.0” W.C., TEMPERATURE ",107146,BLK , BLK , STO , 071 ,300,0,300
  CUS529 , Resideo,WV8840C1406/P,"NG, 1.5” BRACKET, 4.0” W.C., TEMPERATURE ",107147,BLK , BLK , STO , 074 ,300,0,300
  CUS529 , Resideo,WV8840C1406/P,"NG, 1.5” BRACKET, 4.0” W.C., TEMPERATURE ",107148,BLK , BLK , STO , 077 ,300,0,300
  CUS529 , Resideo,WV8840C1406/P,"NG, 1.5” BRACKET, 4.0” W.C., TEMPERATURE ",107149,BLK , BLK , STO , 080 ,300,0,300
  CUS529 , Resideo,WV8840C1406/P,"NG, 1.5” BRACKET, 4.0” W.C., TEMPERATURE ",107150,BLK , BLK , STO , 082 ,300,0,300
  CUS529 , Resideo,WV8840C1406/P,"NG, 1.5” BRACKET, 4.0” W.C., TEMPERATURE ",107152,BLK , BLK , STO , 085 ,300,0,300
  CUS529 , Resideo,WV8840C1406/P,"NG, 1.5” BRACKET, 4.0” W.C., TEMPERATURE ",107154,BLK , BLK , STO , 089 ,300,0,300
  CUS529 , Resideo,WV8840C1406/P,"NG, 1.5” BRACKET, 4.0” W.C., TEMPERATURE ",98402,BLK , BLK , STO ,258,200,0,0
  CUS529 , Resideo,WV8840C1406/P,"NG, 1.5” BRACKET, 4.0” W.C., TEMPERATURE ",103831,BLK , BLK , STO ,669,200,0,0
  CUS529 , Resideo,WV8840C1406/P,"NG, 1.5” BRACKET, 4.0” W.C., TEMPERATURE ",105911,East , E01 , 01 , B4 ,300,0,300
  CUS529 , Resideo,WV8840C1406/P,"NG, 1.5” BRACKET, 4.0” W.C., TEMPERATURE ",106138,East , E01 , 01 , C2 ,300,0,300
  CUS529 , Resideo,WV8840C1406/P,"NG, 1.5” BRACKET, 4.0” W.C., TEMPERATURE ",108830,East , E01 , 07 , B4 ,300,0,300
  CUS529 , Resideo,WV8840C1406/P,"NG, 1.5” BRACKET, 4.0” W.C., TEMPERATURE ",106137,East , E01 , 08 , D2 ,300,0,300
  CUS529 , Resideo,WV8840C1406/P,"NG, 1.5” BRACKET, 4.0” W.C., TEMPERATURE ",106722,East , E01 , 08 , D3 ,300,0,300
  CUS529 , Resideo,WV8840C1406/P,"NG, 1.5” BRACKET, 4.0” W.C., TEMPERATURE ",106136,East , E01 , 08 , D4 ,300,0,300
  CUS529 , Resideo,WV8840C1406/P,"NG, 1.5” BRACKET, 4.0” W.C., TEMPERATURE ",106416,East , E01 ,10, C4 ,300,0,300
  CUS529 , Resideo,WV8840C1406/P,"NG, 1.5” BRACKET, 4.0” W.C., TEMPERATURE ",108826,East , E01 ,11, B2 ,300,0,300
  CUS529 , Resideo,WV8840C1406/P,"NG, 1.5” BRACKET, 4.0” W.C., TEMPERATURE ",106417,East , E01 ,11, C4 ,300,0,300
  CUS529 , Resideo,WV8840C1406/P,"NG, 1.5” BRACKET, 4.0” W.C., TEMPERATURE ",106418,East , E01 ,12, C3 ,300,0,300
  CUS529 , Resideo,WV8840C1406/P,"NG, 1.5” BRACKET, 4.0” W.C., TEMPERATURE ",106419,East , E01 ,13, C2 ,300,0,300
  CUS529 , Resideo,WV8840C1406/P,"NG, 1.5” BRACKET, 4.0” W.C., TEMPERATURE ",106420,East , E01 ,13, C3 ,300,0,300
  CUS529 , Resideo,WV8840C1406/P,"NG, 1.5” BRACKET, 4.0” W.C., TEMPERATURE ",106421,East , E01 ,13, C4 ,300,0,300
  CUS529 , Resideo,WV8840C1406/P,"NG, 1.5” BRACKET, 4.0” W.C., TEMPERATURE ",106422,East , E01 ,14, C4 ,300,0,300
  CUS529 , Resideo,WV8840C1406/P,"NG, 1.5” BRACKET, 4.0” W.C., TEMPERATURE ",106423,East , E01 ,18, C2 ,300,0,300
  CUS529 , Resideo,WV8840C1406/P,"NG, 1.5” BRACKET, 4.0” W.C., TEMPERATURE ",109848,East , E01 ,22, A2 ,300,0,300
  CUS529 , Resideo,WV8840C1406/P,"NG, 1.5” BRACKET, 4.0” W.C., TEMPERATURE ",108014,East , E01 ,23, A4 ,300,0,300
  CUS529 , Resideo,WV8840C1406/P,"NG, 1.5” BRACKET, 4.0” W.C., TEMPERATURE ",107457,East , E01 ,28, D1 ,300,0,300
  CUS529 , Resideo,WV8840C1406/P,"NG, 1.5” BRACKET, 4.0” W.C., TEMPERATURE ",109690,East , E01 ,29, A1 ,300,0,300
  CUS529 , Resideo,WV8840C1406/P,"NG, 1.5” BRACKET, 4.0” W.C., TEMPERATURE ",105552,East , E01 ,29, C2 ,300,0,300
  CUS529 , Resideo,WV8840C1406/P,"NG, 1.5” BRACKET, 4.0” W.C., TEMPERATURE ",106402,East , E01 ,36, B3 ,300,0,300
  CUS529 , Resideo,WV8840C1406/P,"NG, 1.5” BRACKET, 4.0” W.C., TEMPERATURE ",105558,East , E01 ,36, C1 ,300,300,0
  CUS529 , Resideo,WV8840C1406/P,"NG, 1.5” BRACKET, 4.0” W.C., TEMPERATURE ",105559,East , E01 ,37, C4 ,300,300,0
  CUS529 , Resideo,WV8840C1406/P,"NG, 1.5” BRACKET, 4.0” W.C., TEMPERATURE ",106403,East , E01 ,38, B4 ,300,0,300
  CUS529 , Resideo,WV8840C1406/P,"NG, 1.5” BRACKET, 4.0” W.C., TEMPERATURE ",106404,East , E01 ,39, B3 ,300,0,300
  CUS529 , Resideo,WV8840C1406/P,"NG, 1.5” BRACKET, 4.0” W.C., TEMPERATURE ",106405,East , E01 ,40, B3 ,300,0,300
  CUS529 , Resideo,WV8840C1406/P,"NG, 1.5” BRACKET, 4.0” W.C., TEMPERATURE ",106721,East , E01 ,44, C3 ,300,0,300
  CUS529 , Resideo,WV8840C1406/P,"NG, 1.5” BRACKET, 4.0” W.C., TEMPERATURE ",108015,East , E01 ,46, A2 ,300,0,300
  CUS529 , Resideo,WV8840C1406/P,"NG, 1.5” BRACKET, 4.0” W.C., TEMPERATURE ",109849,East , E02 , 01 , A2 ,300,0,300
  CUS529 , Resideo,WV8840C1406/P,"NG, 1.5” BRACKET, 4.0” W.C., TEMPERATURE ",106990,East , E02 , 01 , C2 ,300,0,300
  CUS529 , Resideo,WV8840C1406/P,"NG, 1.5” BRACKET, 4.0” W.C., TEMPERATURE ",106991,East , E02 , 01 , C4 ,300,0,300
  CUS529 , Resideo,WV8840C1406/P,"NG, 1.5” BRACKET, 4.0” W.C., TEMPERATURE ",106139,East , E02 , 03 , A2 ,300,0,300
  CUS529 , Resideo,WV8840C1406/P,"NG, 1.5” BRACKET, 4.0” W.C., TEMPERATURE ",106992,East , E02 , 03 , C3 ,300,0,300
  CUS529 , Resideo,WV8840C1406/P,"NG, 1.5” BRACKET, 4.0” W.C., TEMPERATURE ",106993,East , E02 , 04 , C4 ,300,0,300
  CUS529 , Resideo,WV8840C1406/P,"NG, 1.5” BRACKET, 4.0” W.C., TEMPERATURE ",108833,East , E02 , 05 , B1 ,300,0,300
  CUS529 , Resideo,WV8840C1406/P,"NG, 1.5” BRACKET, 4.0” W.C., TEMPERATURE ",106994,East , E02 , 05 , C4 ,300,0,300
  CUS529 , Resideo,WV8840C1406/P,"NG, 1.5” BRACKET, 4.0” W.C., TEMPERATURE ",107458,East , E02 , 06 , A1 ,300,0,300
  CUS529 , Resideo,WV8840C1406/P,"NG, 1.5” BRACKET, 4.0” W.C., TEMPERATURE ",108829,East , E02 , 06 , C2 ,300,0,300
  CUS529 , Resideo,WV8840C1406/P,"NG, 1.5” BRACKET, 4.0” W.C., TEMPERATURE ",108824,East , E02 , 06 , D1 ,300,0,300
  CUS529 , Resideo,WV8840C1406/P,"NG, 1.5” BRACKET, 4.0” W.C., TEMPERATURE ",108016,East , E02 , 07 , A4 ,300,0,300
  CUS529 , Resideo,WV8840C1406/P,"NG, 1.5” BRACKET, 4.0” W.C., TEMPERATURE ",106995,East , E02 , 09 , C4 ,300,0,300
  CUS529 , Resideo,WV8840C1406/P,"NG, 1.5” BRACKET, 4.0” W.C., TEMPERATURE ",108017,East , E02 ,10, A4 ,300,0,300
  CUS529 , Resideo,WV8840C1406/P,"NG, 1.5” BRACKET, 4.0” W.C., TEMPERATURE ",106996,East , E02 ,10, C3 ,300,0,300
  CUS529 , Resideo,WV8840C1406/P,"NG, 1.5” BRACKET, 4.0” W.C., TEMPERATURE ",107461,East , E02 ,10, D1 ,300,0,300
  CUS529 , Resideo,WV8840C1406/P,"NG, 1.5” BRACKET, 4.0” W.C., TEMPERATURE ",106997,East , E02 ,12, C3 ,300,0,300
  CUS529 , Resideo,WV8840C1406/P,"NG, 1.5” BRACKET, 4.0” W.C., TEMPERATURE ",108825,East , E02 ,12, D3 ,300,0,300
  CUS529 , Resideo,WV8840C1406/P,"NG, 1.5” BRACKET, 4.0” W.C., TEMPERATURE ",107459,East , E02 ,14, B2 ,300,0,300
  CUS529 , Resideo,WV8840C1406/P,"NG, 1.5” BRACKET, 4.0” W.C., TEMPERATURE ",106998,East , E02 ,14, C3 ,300,0,300
  CUS529 , Resideo,WV8840C1406/P,"NG, 1.5” BRACKET, 4.0” W.C., TEMPERATURE ",108834,East , E02 ,17, B3 ,300,0,300
  CUS529 , Resideo,WV8840C1406/P,"NG, 1.5” BRACKET, 4.0” W.C., TEMPERATURE ",107462,East , E02 ,17, D1 ,300,0,300
  CUS529 , Resideo,WV8840C1406/P,"NG, 1.5” BRACKET, 4.0” W.C., TEMPERATURE ",106140,East , E02 ,19, A2 ,300,0,300
  CUS529 , Resideo,WV8840C1406/P,"NG, 1.5” BRACKET, 4.0” W.C., TEMPERATURE ",106141,East , E02 ,20, A3 ,300,0,300
  CUS529 , Resideo,WV8840C1406/P,"NG, 1.5” BRACKET, 4.0” W.C., TEMPERATURE ",106142,East , E02 ,23, A2 ,300,0,300
  CUS529 , Resideo,WV8840C1406/P,"NG, 1.5” BRACKET, 4.0” W.C., TEMPERATURE ",106143,East , E02 ,23, A3 ,300,0,300
  CUS529 , Resideo,WV8840C1406/P,"NG, 1.5” BRACKET, 4.0” W.C., TEMPERATURE ",106989,East , E02 ,23, B4 ,300,0,300
  CUS529 , Resideo,WV8840C1406/P,"NG, 1.5” BRACKET, 4.0” W.C., TEMPERATURE ",107460,East , E02 ,23, C1 ,300,0,300
  CUS529 , Resideo,WV8840C1406/P,"NG, 1.5” BRACKET, 4.0” W.C., TEMPERATURE ",109692,East , E02 ,24, A2 ,300,0,300
  CUS529 , Resideo,WV8840C1406/P,"NG, 1.5” BRACKET, 4.0” W.C., TEMPERATURE ",108452,East , E02 ,24, B4 ,300,0,300
  CUS529 , Resideo,WV8840C1406/P,"NG, 1.5” BRACKET, 4.0” W.C., TEMPERATURE ",108507,East , E02 ,24, D4 ,300,0,300
  CUS529 , Resideo,WV8840C1406/P,"NG, 1.5” BRACKET, 4.0” W.C., TEMPERATURE ",108018,East , E02 ,28, A4 ,300,0,300
  CUS529 , Resideo,WV8840C1406/P,"NG, 1.5” BRACKET, 4.0” W.C., TEMPERATURE ",107793,East , E02 ,28, D4 ,300,0,300
  CUS529 , Resideo,WV8840C1406/P,"NG, 1.5” BRACKET, 4.0” W.C., TEMPERATURE ",108451,East , E02 ,31, B3 ,300,0,300
  CUS529 , Resideo,WV8840C1406/P,"NG, 1.5” BRACKET, 4.0” W.C., TEMPERATURE ",108453,East , E02 ,31, B4 ,300,0,300
  CUS529 , Resideo,WV8840C1406/P,"NG, 1.5” BRACKET, 4.0” W.C., TEMPERATURE ",108508,East , E02 ,32, D4 ,300,0,300
  CUS529 , Resideo,WV8840C1406/P,"NG, 1.5” BRACKET, 4.0” W.C., TEMPERATURE ",108019,East , E02 ,34, A4 ,300,0,300
  CUS529 , Resideo,WV8840C1406/P,"NG, 1.5” BRACKET, 4.0” W.C., TEMPERATURE ",108509,East , E02 ,34, D4 ,300,0,300
  CUS529 , Resideo,WV8840C1406/P,"NG, 1.5” BRACKET, 4.0” W.C., TEMPERATURE ",108510,East , E02 ,37, D1 ,300,0,300
  CUS529 , Resideo,WV8840C1406/P,"NG, 1.5” BRACKET, 4.0” W.C., TEMPERATURE ",108511,East , E02 ,38, D4 ,300,0,300
  CUS529 , Resideo,WV8840C1406/P,"NG, 1.5” BRACKET, 4.0” W.C., TEMPERATURE ",108512,East , E02 ,39, D4 ,300,0,300
  CUS529 , Resideo,WV8840C1406/P,"NG, 1.5” BRACKET, 4.0” W.C., TEMPERATURE ",108020,East , E02 ,41, A4 ,300,0,300
  CUS529 , Resideo,WV8840C1406/P,"NG, 1.5” BRACKET, 4.0” W.C., TEMPERATURE ",108513,East , E02 ,41, D3 ,300,0,300
  CUS529 , Resideo,WV8840C1406/P,"NG, 1.5” BRACKET, 4.0” W.C., TEMPERATURE ",108021,East , E02 ,42, A4 ,300,0,300
  CUS529 , Resideo,WV8840C1406/P,"NG, 1.5” BRACKET, 4.0” W.C., TEMPERATURE ",108514,East , E02 ,42, D3 ,300,0,300
  CUS529 , Resideo,WV8840C1406/P,"NG, 1.5” BRACKET, 4.0” W.C., TEMPERATURE ",108515,East , E02 ,42, D4 ,300,0,300
  CUS529 , Resideo,WV8840C1406/P,"NG, 1.5” BRACKET, 4.0” W.C., TEMPERATURE ",107279,East , E02 ,44, C1 ,300,0,300
  CUS529 , Resideo,WV8840C1406/P,"NG, 1.5” BRACKET, 4.0” W.C., TEMPERATURE ",107280,East , E02 ,45, B4 ,300,0,300
  CUS529 , Resideo,WV8840C1406/P,"NG, 1.5” BRACKET, 4.0” W.C., TEMPERATURE ",107281,East , E02 ,45, C1 ,300,0,300
  CUS529 , Resideo,WV8840C1406/P,"NG, 1.5” BRACKET, 4.0” W.C., TEMPERATURE ",107282,East , E02 ,46, B1 ,300,0,300
  CUS529 , Resideo,WV8840C1406/P,"NG, 1.5” BRACKET, 4.0” W.C., TEMPERATURE ",107284,East , E03 , 01 , B4 ,300,0,300
  CUS529 , Resideo,WV8840C1406/P,"NG, 1.5” BRACKET, 4.0” W.C., TEMPERATURE ",105910,East , E03 , 01 , C1 ,300,0,300
  CUS529 , Resideo,WV8840C1406/P,"NG, 1.5” BRACKET, 4.0” W.C., TEMPERATURE ",105909,East , E03 , 01 , C3 ,300,0,300
  CUS529 , Resideo,WV8840C1406/P,"NG, 1.5” BRACKET, 4.0” W.C., TEMPERATURE ",105647,East , E03 , 01 , D1 ,300,300,0
  CUS529 , Resideo,WV8840C1406/P,"NG, 1.5” BRACKET, 4.0” W.C., TEMPERATURE ",105648,East , E03 , 01 , D2 ,300,300,0
  CUS529 , Resideo,WV8840C1406/P,"NG, 1.5” BRACKET, 4.0” W.C., TEMPERATURE ",105650,East , E03 , 02 , B2 ,300,300,0
  CUS529 , Resideo,WV8840C1406/P,"NG, 1.5” BRACKET, 4.0” W.C., TEMPERATURE ",105649,East , E03 , 02 , B4 ,300,300,0
  CUS529 , Resideo,WV8840C1406/P,"NG, 1.5” BRACKET, 4.0” W.C., TEMPERATURE ",105654,East , E03 , 02 , C1 ,300,300,0
  CUS529 , Resideo,WV8840C1406/P,"NG, 1.5” BRACKET, 4.0” W.C., TEMPERATURE ",105653,East , E03 , 02 , C2 ,300,300,0
  CUS529 , Resideo,WV8840C1406/P,"NG, 1.5” BRACKET, 4.0” W.C., TEMPERATURE ",105652,East , E03 , 02 , C3 ,300,300,0
  CUS529 , Resideo,WV8840C1406/P,"NG, 1.5” BRACKET, 4.0” W.C., TEMPERATURE ",105651,East , E03 , 02 , C4 ,300,300,0
  CUS529 , Resideo,WV8840C1406/P,"NG, 1.5” BRACKET, 4.0” W.C., TEMPERATURE ",105658,East , E03 , 02 , D1 ,300,300,0
  CUS529 , Resideo,WV8840C1406/P,"NG, 1.5” BRACKET, 4.0” W.C., TEMPERATURE ",105657,East , E03 , 02 , D2 ,300,300,0
  CUS529 , Resideo,WV8840C1406/P,"NG, 1.5” BRACKET, 4.0” W.C., TEMPERATURE ",105656,East , E03 , 02 , D3 ,300,300,0
  CUS529 , Resideo,WV8840C1406/P,"NG, 1.5” BRACKET, 4.0” W.C., TEMPERATURE ",105655,East , E03 , 02 , D4 ,300,300,0
  CUS529 , Resideo,WV8840C1406/P,"NG, 1.5” BRACKET, 4.0” W.C., TEMPERATURE ",107463,East , E03 , 03 , A2 ,300,0,300
  CUS529 , Resideo,WV8840C1406/P,"NG, 1.5” BRACKET, 4.0” W.C., TEMPERATURE ",107285,East , E03 , 03 , B3 ,300,0,300
  CUS529 , Resideo,WV8840C1406/P,"NG, 1.5” BRACKET, 4.0” W.C., TEMPERATURE ",105659,East , E03 , 03 , B4 ,300,300,0
  CUS529 , Resideo,WV8840C1406/P,"NG, 1.5” BRACKET, 4.0” W.C., TEMPERATURE ",108831,East , E03 , 06 , D3 ,300,0,300
  CUS529 , Resideo,WV8840C1406/P,"NG, 1.5” BRACKET, 4.0” W.C., TEMPERATURE ",108832,East , E03 , 06 , D4 ,300,0,300
  CUS529 , Resideo,WV8840C1406/P,"NG, 1.5” BRACKET, 4.0” W.C., TEMPERATURE ",107314,East , E03 , 07 , D1 ,300,0,300
  CUS529 , Resideo,WV8840C1406/P,"NG, 1.5” BRACKET, 4.0” W.C., TEMPERATURE ",105715,East , E03 , 07 , D2 ,300,300,0
  CUS529 , Resideo,WV8840C1406/P,"NG, 1.5” BRACKET, 4.0” W.C., TEMPERATURE ",105717,East , E03 , 08 , C2 ,300,300,0
  CUS529 , Resideo,WV8840C1406/P,"NG, 1.5” BRACKET, 4.0” W.C., TEMPERATURE ",105716,East , E03 , 08 , C4 ,300,300,0
  CUS529 , Resideo,WV8840C1406/P,"NG, 1.5” BRACKET, 4.0” W.C., TEMPERATURE ",107316,East , E03 , 09 , D3 ,300,0,300
  CUS529 , Resideo,WV8840C1406/P,"NG, 1.5” BRACKET, 4.0” W.C., TEMPERATURE ",105727,East , E03 ,10, D4 ,300,0,300
  CUS529 , Resideo,WV8840C1406/P,"NG, 1.5” BRACKET, 4.0” W.C., TEMPERATURE ",106796,East , E03 ,11, B3 ,300,0,300
  CUS529 , Resideo,WV8840C1406/P,"NG, 1.5” BRACKET, 4.0” W.C., TEMPERATURE ",106797,East , E03 ,12, B4 ,300,0,300
  CUS529 , Resideo,WV8840C1406/P,"NG, 1.5” BRACKET, 4.0” W.C., TEMPERATURE ",108022,East , E03 ,13, A4 ,300,0,300
  CUS529 , Resideo,WV8840C1406/P,"NG, 1.5” BRACKET, 4.0” W.C., TEMPERATURE ",105912,East , E03 ,14, C2 ,300,0,300
  CUS529 , Resideo,WV8840C1406/P,"NG, 1.5” BRACKET, 4.0” W.C., TEMPERATURE ",107309,East , E03 ,15, C2 ,300,0,300
  CUS529 , Resideo,WV8840C1406/P,"NG, 1.5” BRACKET, 4.0” W.C., TEMPERATURE ",107310,East , E03 ,17, C2 ,300,0,300
  CUS529 , Resideo,WV8840C1406/P,"NG, 1.5” BRACKET, 4.0” W.C., TEMPERATURE ",106287,East , E03 ,18, B4 ,300,0,300
  CUS529 , Resideo,WV8840C1406/P,"NG, 1.5” BRACKET, 4.0” W.C., TEMPERATURE ",106288,East , E03 ,20, B4 ,300,0,300
  CUS529 , Resideo,WV8840C1406/P,"NG, 1.5” BRACKET, 4.0” W.C., TEMPERATURE ",106289,East , E03 ,21, B3 ,300,0,300
  CUS529 , Resideo,WV8840C1406/P,"NG, 1.5” BRACKET, 4.0” W.C., TEMPERATURE ",106290,East , E03 ,21, B4 ,300,0,300
  CUS529 , Resideo,WV8840C1406/P,"NG, 1.5” BRACKET, 4.0” W.C., TEMPERATURE ",110224,East , E03 ,21, D2 ,300,0,300
  CUS529 , Resideo,WV8840C1406/P,"NG, 1.5” BRACKET, 4.0” W.C., TEMPERATURE ",108024,East , E03 ,24, A1 ,300,0,300
  CUS529 , Resideo,WV8840C1406/P,"NG, 1.5” BRACKET, 4.0” W.C., TEMPERATURE ",110225,East , E03 ,24, C2 ,300,0,300
  CUS529 , Resideo,WV8840C1406/P,"NG, 1.5” BRACKET, 4.0” W.C., TEMPERATURE ",108299,East , E03 ,25, C2 ,300,0,300
  CUS529 , Resideo,WV8840C1406/P,"NG, 1.5” BRACKET, 4.0” W.C., TEMPERATURE ",109703,East , E03 ,27, C2 ,300,0,300
  CUS529 , Resideo,WV8840C1406/P,"NG, 1.5” BRACKET, 4.0” W.C., TEMPERATURE ",109702,East , E03 ,27, C4 ,300,0,300
  CUS529 , Resideo,WV8840C1406/P,"NG, 1.5” BRACKET, 4.0” W.C., TEMPERATURE ",109705,East , E03 ,27, D2 ,300,0,300
  CUS529 , Resideo,WV8840C1406/P,"NG, 1.5” BRACKET, 4.0” W.C., TEMPERATURE ",109704,East , E03 ,27, D4 ,300,0,300
  CUS529 , Resideo,WV8840C1406/P,"NG, 1.5” BRACKET, 4.0” W.C., TEMPERATURE ",110059,East , E03 ,28, A1 ,300,0,300
  CUS529 , Resideo,WV8840C1406/P,"NG, 1.5” BRACKET, 4.0” W.C., TEMPERATURE ",109693,East , E03 ,28, A2 ,300,0,300
  CUS529 , Resideo,WV8840C1406/P,"NG, 1.5” BRACKET, 4.0” W.C., TEMPERATURE ",104298,East , E03 ,28, A4 ,200,0,200
  CUS529 , Resideo,WV8840C1406/P,"NG, 1.5” BRACKET, 4.0” W.C., TEMPERATURE ",105914,East , E03 ,28, B1 ,300,0,300
  CUS529 , Resideo,WV8840C1406/P,"NG, 1.5” BRACKET, 4.0” W.C., TEMPERATURE ",105913,East , E03 ,28, B2 ,300,0,300
  CUS529 , Resideo,WV8840C1406/P,"NG, 1.5” BRACKET, 4.0” W.C., TEMPERATURE ",105915,East , E03 ,29, B2 ,300,0,300
  CUS529 , Resideo,WV8840C1406/P,"NG, 1.5” BRACKET, 4.0” W.C., TEMPERATURE ",108303,East , E03 ,29, D1 ,300,0,300
  CUS529 , Resideo,WV8840C1406/P,"NG, 1.5” BRACKET, 4.0” W.C., TEMPERATURE ",108304,East , E03 ,29, D2 ,300,0,300
  CUS529 , Resideo,WV8840C1406/P,"NG, 1.5” BRACKET, 4.0” W.C., TEMPERATURE ",109701,East , E03 ,30, D1 ,300,0,300
  CUS529 , Resideo,WV8840C1406/P,"NG, 1.5” BRACKET, 4.0” W.C., TEMPERATURE ",109700,East , E03 ,30, D2 ,300,0,300
  CUS529 , Resideo,WV8840C1406/P,"NG, 1.5” BRACKET, 4.0” W.C., TEMPERATURE ",109699,East , E03 ,30, D3 ,300,0,300
  CUS529 , Resideo,WV8840C1406/P,"NG, 1.5” BRACKET, 4.0” W.C., TEMPERATURE ",109698,East , E03 ,30, D4 ,300,0,300
  CUS529 , Resideo,WV8840C1406/P,"NG, 1.5” BRACKET, 4.0” W.C., TEMPERATURE ",108881,East , E03 ,31, C2 ,300,0,300
  CUS529 , Resideo,WV8840C1406/P,"NG, 1.5” BRACKET, 4.0” W.C., TEMPERATURE ",108880,East , E03 ,31, C3 ,300,0,300
  CUS529 , Resideo,WV8840C1406/P,"NG, 1.5” BRACKET, 4.0” W.C., TEMPERATURE ",108879,East , E03 ,31, C4 ,300,0,300
  CUS529 , Resideo,WV8840C1406/P,"NG, 1.5” BRACKET, 4.0” W.C., TEMPERATURE ",109697,East , E03 ,32, D1 ,300,0,300
  CUS529 , Resideo,WV8840C1406/P,"NG, 1.5” BRACKET, 4.0” W.C., TEMPERATURE ",109696,East , E03 ,32, D2 ,300,0,300
  CUS529 , Resideo,WV8840C1406/P,"NG, 1.5” BRACKET, 4.0” W.C., TEMPERATURE ",109695,East , E03 ,32, D3 ,300,0,300
  CUS529 , Resideo,WV8840C1406/P,"NG, 1.5” BRACKET, 4.0” W.C., TEMPERATURE ",109694,East , E03 ,32, D4 ,300,0,300
  CUS529 , Resideo,WV8840C1406/P,"NG, 1.5” BRACKET, 4.0” W.C., TEMPERATURE ",108023,East , E03 ,39, A4 ,300,0,300
  CUS529 , Resideo,WV8840C1406/P,"NG, 1.5” BRACKET, 4.0” W.C., TEMPERATURE ",108300,East , E03 ,40, C1 ,300,0,300
  CUS529 , Resideo,WV8840C1406/P,"NG, 1.5” BRACKET, 4.0” W.C., TEMPERATURE ",108301,East , E03 ,40, C2 ,300,0,300
  CUS529 , Resideo,WV8840C1406/P,"NG, 1.5” BRACKET, 4.0” W.C., TEMPERATURE ",109566,East , E03 ,42, B2 ,300,0,300
  CUS529 , Resideo,WV8840C1406/P,"NG, 1.5” BRACKET, 4.0” W.C., TEMPERATURE ",109565,East , E03 ,42, B4 ,300,0,300
  CUS529 , Resideo,WV8840C1406/P,"NG, 1.5” BRACKET, 4.0” W.C., TEMPERATURE ",108297,East , E03 ,44, B1 ,300,0,300
  CUS529 , Resideo,WV8840C1406/P,"NG, 1.5” BRACKET, 4.0” W.C., TEMPERATURE ",108298,East , E03 ,45, B2 ,300,0,300
  CUS529 , Resideo,WV8840C1406/P,"NG, 1.5” BRACKET, 4.0” W.C., TEMPERATURE ",108302,East , E03 ,46, C2 ,300,0,300
  CUS529 , Resideo,WV8840C1406/P,"NG, 1.5” BRACKET, 4.0” W.C., TEMPERATURE ",107283,East , E03 ,46, C3 ,300,0,300
  CUS529 , Resideo,WV8840C1406/P,"NG, 1.5” BRACKET, 4.0” W.C., TEMPERATURE ",107286,East , E04 , 01 , C1 ,300,0,300
  CUS529 , Resideo,WV8840C1406/P,"NG, 1.5” BRACKET, 4.0” W.C., TEMPERATURE ",108985,East , E04 , 01 , D2 ,300,0,300
  CUS529 , Resideo,WV8840C1406/P,"NG, 1.5” BRACKET, 4.0” W.C., TEMPERATURE ",107287,East , E04 , 01 , D3 ,300,0,300
  CUS529 , Resideo,WV8840C1406/P,"NG, 1.5” BRACKET, 4.0” W.C., TEMPERATURE ",108984,East , E04 , 03 , B1 ,300,0,300
  CUS529 , Resideo,WV8840C1406/P,"NG, 1.5” BRACKET, 4.0” W.C., TEMPERATURE ",108983,East , E04 , 03 , D1 ,300,0,300
  CUS529 , Resideo,WV8840C1406/P,"NG, 1.5” BRACKET, 4.0” W.C., TEMPERATURE ",108982,East , E04 , 03 , D2 ,300,0,300
  CUS529 , Resideo,WV8840C1406/P,"NG, 1.5” BRACKET, 4.0” W.C., TEMPERATURE ",108981,East , E04 , 03 , D3 ,300,0,300
  CUS529 , Resideo,WV8840C1406/P,"NG, 1.5” BRACKET, 4.0” W.C., TEMPERATURE ",107048,East , E04 , 05 , A3 ,300,0,300
  CUS529 , Resideo,WV8840C1406/P,"NG, 1.5” BRACKET, 4.0” W.C., TEMPERATURE ",106562,East , E04 , 05 , B1 ,300,0,300
  CUS529 , Resideo,WV8840C1406/P,"NG, 1.5” BRACKET, 4.0” W.C., TEMPERATURE ",107049,East , E04 , 06 , A4 ,300,0,300
  CUS529 , Resideo,WV8840C1406/P,"NG, 1.5” BRACKET, 4.0” W.C., TEMPERATURE ",106563,East , E04 , 06 , B3 ,300,0,300
  CUS529 , Resideo,WV8840C1406/P,"NG, 1.5” BRACKET, 4.0” W.C., TEMPERATURE ",109633,East , E04 , 07 , C2 ,300,0,300
  CUS529 , Resideo,WV8840C1406/P,"NG, 1.5” BRACKET, 4.0” W.C., TEMPERATURE ",107050,East , E04 , 08 , A1 ,300,0,300
  CUS529 , Resideo,WV8840C1406/P,"NG, 1.5” BRACKET, 4.0” W.C., TEMPERATURE ",107051,East , E04 , 08 , A4 ,300,0,300
  CUS529 , Resideo,WV8840C1406/P,"NG, 1.5” BRACKET, 4.0” W.C., TEMPERATURE ",106589,East , E04 , 08 , C3 ,300,0,300
  CUS529 , Resideo,WV8840C1406/P,"NG, 1.5” BRACKET, 4.0” W.C., TEMPERATURE ",106590,East , E04 , 08 , C4 ,300,0,300
  CUS529 , Resideo,WV8840C1406/P,"NG, 1.5” BRACKET, 4.0” W.C., TEMPERATURE ",107560,East , E04 , 09 , A3 ,300,0,300
  CUS529 , Resideo,WV8840C1406/P,"NG, 1.5” BRACKET, 4.0” W.C., TEMPERATURE ",106591,East , E04 , 09 , C1 ,300,0,300
  CUS529 , Resideo,WV8840C1406/P,"NG, 1.5” BRACKET, 4.0” W.C., TEMPERATURE ",106592,East , E04 , 09 , C2 ,300,0,300
  CUS529 , Resideo,WV8840C1406/P,"NG, 1.5” BRACKET, 4.0” W.C., TEMPERATURE ",107052,East , E04 ,10, A1 ,300,0,300
  CUS529 , Resideo,WV8840C1406/P,"NG, 1.5” BRACKET, 4.0” W.C., TEMPERATURE ",107561,East , E04 ,10, A3 ,300,0,300
  CUS529 , Resideo,WV8840C1406/P,"NG, 1.5” BRACKET, 4.0” W.C., TEMPERATURE ",107923,East , E04 ,13, C4 ,300,0,300
  CUS529 , Resideo,WV8840C1406/P,"NG, 1.5” BRACKET, 4.0” W.C., TEMPERATURE ",107767,East , E04 ,15, C2 ,300,0,300
  CUS529 , Resideo,WV8840C1406/P,"NG, 1.5” BRACKET, 4.0” W.C., TEMPERATURE ",107924,East , E04 ,16, C4 ,300,0,300
  CUS529 , Resideo,WV8840C1406/P,"NG, 1.5” BRACKET, 4.0” W.C., TEMPERATURE ",110160,East , E04 ,16, D3 ,300,0,300
  CUS529 , Resideo,WV8840C1406/P,"NG, 1.5” BRACKET, 4.0” W.C., TEMPERATURE ",107925,East , E04 ,17, C4 ,300,0,300
  CUS529 , Resideo,WV8840C1406/P,"NG, 1.5” BRACKET, 4.0” W.C., TEMPERATURE ",109691,East , E04 ,18, A1 ,300,0,300
  CUS529 , Resideo,WV8840C1406/P,"NG, 1.5” BRACKET, 4.0” W.C., TEMPERATURE ",107926,East , E04 ,19, C3 ,300,0,300
  CUS529 , Resideo,WV8840C1406/P,"NG, 1.5” BRACKET, 4.0” W.C., TEMPERATURE ",107927,East , E04 ,20, C4 ,300,0,300
  CUS529 , Resideo,WV8840C1406/P,"NG, 1.5” BRACKET, 4.0” W.C., TEMPERATURE ",107562,East , E04 ,25, A3 ,300,0,300
  CUS529 , Resideo,WV8840C1406/P,"NG, 1.5” BRACKET, 4.0” W.C., TEMPERATURE ",106558,East , E04 ,26, A4 ,300,0,300
  CUS529 , Resideo,WV8840C1406/P,"NG, 1.5” BRACKET, 4.0” W.C., TEMPERATURE ",107053,East , E04 ,27, A4 ,300,0,300
  CUS529 , Resideo,WV8840C1406/P,"NG, 1.5” BRACKET, 4.0” W.C., TEMPERATURE ",109634,East , E04 ,27, C1 ,300,0,300
  CUS529 , Resideo,WV8840C1406/P,"NG, 1.5” BRACKET, 4.0” W.C., TEMPERATURE ",107054,East , E04 ,28, A1 ,300,0,300
  CUS529 , Resideo,WV8840C1406/P,"NG, 1.5” BRACKET, 4.0” W.C., TEMPERATURE ",107055,East , E04 ,28, A3 ,300,0,300
  CUS529 , Resideo,WV8840C1406/P,"NG, 1.5” BRACKET, 4.0” W.C., TEMPERATURE ",106559,East , E04 ,29, A4 ,300,0,300
  CUS529 , Resideo,WV8840C1406/P,"NG, 1.5” BRACKET, 4.0” W.C., TEMPERATURE ",109628,East , E04 ,30, B1 ,300,0,300
  CUS529 , Resideo,WV8840C1406/P,"NG, 1.5” BRACKET, 4.0” W.C., TEMPERATURE ",106560,East , E04 ,31, A3 ,300,0,300
  CUS529 , Resideo,WV8840C1406/P,"NG, 1.5” BRACKET, 4.0” W.C., TEMPERATURE ",109629,East , E04 ,33, B2 ,300,0,300
  CUS529 , Resideo,WV8840C1406/P,"NG, 1.5” BRACKET, 4.0” W.C., TEMPERATURE ",106561,East , E04 ,36, A3 ,300,0,300
  CUS529 , Resideo,WV8840C1406/P,"NG, 1.5” BRACKET, 4.0” W.C., TEMPERATURE ",109630,East , E04 ,37, B2 ,300,0,300
  CUS529 , Resideo,WV8840C1406/P,"NG, 1.5” BRACKET, 4.0” W.C., TEMPERATURE ",109631,East , E04 ,38, B2 ,300,0,300
  CUS529 , Resideo,WV8840C1406/P,"NG, 1.5” BRACKET, 4.0” W.C., TEMPERATURE ",109635,East , E04 ,38, C2 ,300,0,300
  CUS529 , Resideo,WV8840C1406/P,"NG, 1.5” BRACKET, 4.0” W.C., TEMPERATURE ",105904,East , E04 ,38, D1 ,300,0,300
  CUS529 , Resideo,WV8840C1406/P,"NG, 1.5” BRACKET, 4.0” W.C., TEMPERATURE ",105905,East , E04 ,39, C1 ,300,0,300
  CUS529 , Resideo,WV8840C1406/P,"NG, 1.5” BRACKET, 4.0” W.C., TEMPERATURE ",109636,East , E04 ,39, C2 ,300,0,300
  CUS529 , Resideo,WV8840C1406/P,"NG, 1.5” BRACKET, 4.0” W.C., TEMPERATURE ",108325,East , E04 ,40, D1 ,300,0,300
  CUS529 , Resideo,WV8840C1406/P,"NG, 1.5” BRACKET, 4.0” W.C., TEMPERATURE ",110159,East , E04 ,40, D2 ,300,0,300
  CUS529 , Resideo,WV8840C1406/P,"NG, 1.5” BRACKET, 4.0” W.C., TEMPERATURE ",108324,East , E04 ,40, D3 ,300,0,300
  CUS529 , Resideo,WV8840C1406/P,"NG, 1.5” BRACKET, 4.0” W.C., TEMPERATURE ",105906,East , E04 ,41, C3 ,300,0,300
  CUS529 , Resideo,WV8840C1406/P,"NG, 1.5” BRACKET, 4.0” W.C., TEMPERATURE ",109632,East , E04 ,43, B1 ,300,0,300
  CUS529 , Resideo,WV8840C1406/P,"NG, 1.5” BRACKET, 4.0” W.C., TEMPERATURE ",108835,East , E05 , 05 , C2 ,300,0,300
  CUS529 , Resideo,WV8840C1406/P,"NG, 1.5” BRACKET, 4.0” W.C., TEMPERATURE ",109771,East , E05 , 06 , D1 ,300,0,300
  CUS529 , Resideo,WV8840C1406/P,"NG, 1.5” BRACKET, 4.0” W.C., TEMPERATURE ",109493,East , E05 ,14, D2 ,300,0,300
  CUS529 , Resideo,WV8840C1406/P,"NG, 1.5” BRACKET, 4.0” W.C., TEMPERATURE ",109770,East , E05 ,16, B2 ,300,0,300
  CUS529 , Resideo,WV8840C1406/P,"NG, 1.5” BRACKET, 4.0” W.C., TEMPERATURE ",109772,East , E05 ,18, C2 ,300,0,300
  CUS529 , Resideo,WV8840C1406/P,"NG, 1.5” BRACKET, 4.0” W.C., TEMPERATURE ",109773,East , E05 ,19, C1 ,300,0,300
  CUS529 , Resideo,WV8840C1406/P,"NG, 1.5” BRACKET, 4.0” W.C., TEMPERATURE ",108330,East , E05 ,26, C1 ,300,0,300
  CUS529 , Resideo,WV8840C1406/P,"NG, 1.5” BRACKET, 4.0” W.C., TEMPERATURE ",108326,East , E05 ,27, B2 ,300,0,300
  CUS529 , Resideo,WV8840C1406/P,"NG, 1.5” BRACKET, 4.0” W.C., TEMPERATURE ",108327,East , E05 ,28, B1 ,300,0,300
  CUS529 , Resideo,WV8840C1406/P,"NG, 1.5” BRACKET, 4.0” W.C., TEMPERATURE ",108328,East , E05 ,28, B2 ,300,0,300
  CUS529 , Resideo,WV8840C1406/P,"NG, 1.5” BRACKET, 4.0” W.C., TEMPERATURE ",109486,East , E05 ,31, E2 ,300,0,300
  CUS529 , Resideo,WV8840C1406/P,"NG, 1.5” BRACKET, 4.0” W.C., TEMPERATURE ",109487,East , E05 ,32, E1 ,300,0,300
  CUS529 , Resideo,WV8840C1406/P,"NG, 1.5” BRACKET, 4.0” W.C., TEMPERATURE ",109488,East , E05 ,33, E2 ,300,0,300
  CUS529 , Resideo,WV8840C1406/P,"NG, 1.5” BRACKET, 4.0” W.C., TEMPERATURE ",109489,East , E05 ,34, E2 ,300,0,300
  CUS529 , Resideo,WV8840C1406/P,"NG, 1.5” BRACKET, 4.0” W.C., TEMPERATURE ",108329,East , E05 ,36, B2 ,300,0,300
  CUS529 , Resideo,WV8840C1406/P,"NG, 1.5” BRACKET, 4.0” W.C., TEMPERATURE ",109252,East , E05 ,37, B2 ,300,0,300
  CUS529 , Resideo,WV8840C1406/P,"NG, 1.5” BRACKET, 4.0” W.C., TEMPERATURE ",109490,East , E05 ,37, E2 ,300,0,300
  CUS529 , Resideo,WV8840C1406/P,"NG, 1.5” BRACKET, 4.0” W.C., TEMPERATURE ",109491,East , E05 ,41, E2 ,300,0,300
  CUS529 , Resideo,WV8840C1406/P,"NG, 1.5” BRACKET, 4.0” W.C., TEMPERATURE ",109492,East , E05 ,42, E1 ,300,0,300
  CUS529 , Resideo,WV8840C1406/P,"NG, 1.5” BRACKET, 4.0” W.C., TEMPERATURE ",108935,East , E06 , 03 , C2 ,300,0,300
  CUS529 , Resideo,WV8840C1406/P,"NG, 1.5” BRACKET, 4.0” W.C., TEMPERATURE ",108827,East , E06 , 04 , E1 ,300,0,300
  CUS529 , Resideo,WV8840C1406/P,"NG, 1.5” BRACKET, 4.0” W.C., TEMPERATURE ",108828,East , E06 , 09 , E2 ,300,0,300
  CUS529 , Resideo,WV8840C1406/P,"NG, 1.5” BRACKET, 4.0” W.C., TEMPERATURE ",108934,East , E06 ,16, C1 ,300,0,300
  CUS529 , Resideo,WV8840C1406/P,"NG, 1.5” BRACKET, 4.0” W.C., TEMPERATURE ",107546,East , E06 ,16, C2 ,300,0,300
  CUS529 , Resideo,WV8840C1406/P,"NG, 1.5” BRACKET, 4.0” W.C., TEMPERATURE ",107547,East , E06 ,18, C1 ,300,0,300
  CUS529 , Resideo,WV8840C1406/P,"NG, 1.5” BRACKET, 4.0” W.C., TEMPERATURE ",107548,East , E06 ,18, C2 ,300,0,300
  CUS529 , Resideo,WV8840C1406/P,"NG, 1.5” BRACKET, 4.0” W.C., TEMPERATURE ",107549,East , E06 ,19, C1 ,300,0,300
  CUS529 , Resideo,WV8840C1406/P,"NG, 1.5” BRACKET, 4.0” W.C., TEMPERATURE ",107550,East , E06 ,19, E2 ,300,0,300
  CUS529 , Resideo,WV8840C1406/P,"NG, 1.5” BRACKET, 4.0” W.C., TEMPERATURE ",61722,STG , STG , STG ,96,200,0,0
  CUS529 , Resideo,WV8840C1406/P,"NG, 1.5” BRACKET, 4.0” W.C., TEMPERATURE ",109842,West , 01 , 07 , A2 ,300,0,300
  CUS529 , Resideo,WV8840C1406/P,"NG, 1.5” BRACKET, 4.0” W.C., TEMPERATURE ",109843,West , 01 ,15, A2 ,300,0,300
  CUS529 , Resideo,WV8840C1406/P,"NG, 1.5” BRACKET, 4.0” W.C., TEMPERATURE ",109844,West , 02 , 02 , A2 ,300,0,300
  CUS529 , Resideo,WV8840C1406/P,"NG, 1.5” BRACKET, 4.0” W.C., TEMPERATURE ",107304,West , 03 , 08 , B3 ,300,0,300
  CUS529 , Resideo,WV8840C1406/P,"NG, 1.5” BRACKET, 4.0” W.C., TEMPERATURE ",107305,West , 03 ,14, B1 ,300,0,300
  CUS529 , Resideo,WV8840C1406/P,"NG, 1.5” BRACKET, 4.0” W.C., TEMPERATURE ",109845,West , 03 ,29, A2 ,300,0,300
  CUS529 , Resideo,WV8840C1406/P,"NG, 1.5” BRACKET, 4.0” W.C., TEMPERATURE ",107307,West , 04 ,10, D1 ,300,0,300
  CUS529 , Resideo,WV8840C1406/P,"NG, 1.5” BRACKET, 4.0” W.C., TEMPERATURE ",107306,West , 04 ,10, D2 ,300,0,300
  CUS529 , Resideo,WV8840C1406/P,"NG, 1.5” BRACKET, 4.0” W.C., TEMPERATURE ",107308,West , 04 ,19, B2 ,300,0,300
  CUS529 , Resideo,WV8840C1406/P,"NG, 1.5” BRACKET, 4.0” W.C., TEMPERATURE ",107312,West , 04 ,23, B2 ,300,0,300
  CUS529 , Resideo,WV8840C1406/P,"NG, 1.5” BRACKET, 4.0” W.C., TEMPERATURE ",109250,West , 04 ,34, A1 ,300,0,300
  CUS529 , Resideo,WV8840C1406/P,"NG, 1.5” BRACKET, 4.0” W.C., TEMPERATURE ",109846,West , 04 ,36, A2 ,300,0,300
  CUS529 , Resideo,WV8840C1406/P,"NG, 1.5” BRACKET, 4.0” W.C., TEMPERATURE ",109847,West , 04 ,38, A2 ,300,0,300
  CUS529 , Resideo,WV8840C1406/P,"NG, 1.5” BRACKET, 4.0” W.C., TEMPERATURE ",109251,West , 04 ,45, A1 ,300,0,300
  CUS529 , Resideo,WV8840C1406/P,"NG, 1.5” BRACKET, 4.0” W.C., TEMPERATURE ",107311,West , 05 ,11, D3 ,300,0,300
  CUS529 , Resideo,WV8840C1406/P,"NG, 1.5” BRACKET, 4.0” W.C., TEMPERATURE ",107315,West , 05 ,15, D2 ,300,0,300
  CUS529 , Resideo,WV8840C1406/P,"NG, 1.5” BRACKET, 4.0” W.C., TEMPERATURE ",109963,West , 05 ,30, B1 ,300,0,300
  CUS529 , Resideo,WV8840C1406/P,"NG, 1.5” BRACKET, 4.0” W.C., TEMPERATURE ",109962,West , 05 ,30, C2 ,300,0,300
  CUS529 , Resideo,WV8840C1406/P,"NG, 1.5” BRACKET, 4.0” W.C., TEMPERATURE ",109961,West , 05 ,30, D1 ,300,0,300
  CUS529 , Resideo,WV8840C1406/P,"NG, 1.5” BRACKET, 4.0” W.C., TEMPERATURE ",109959,West , 05 ,31, C1 ,300,0,300
  CUS529 , Resideo,WV8840C1406/P,"NG, 1.5” BRACKET, 4.0” W.C., TEMPERATURE ",109960,West , 05 ,31, C2 ,300,0,300
  CUS529 , Resideo,WV8840C1406/P,"NG, 1.5” BRACKET, 4.0” W.C., TEMPERATURE ",109964,West , 05 ,31, C3 ,300,0,300
  CUS529 , Resideo,WV8840C1406/P,"NG, 1.5” BRACKET, 4.0” W.C., TEMPERATURE ",107313,West , 06 , 01 , B4 ,300,0,300
  CUS529 , Resideo,WV8840C1406/P,"NG, 1.5” BRACKET, 4.0” W.C., TEMPERATURE ",107288,West , 06 , 03 , B4 ,300,0,300
  CUS529 , Resideo,WV8840C1406/P,"NG, 1.5” BRACKET, 4.0” W.C., TEMPERATURE ",107290,West , 06 , 03 , D4 ,300,0,300
  CUS529 , Resideo,WV8840C1406/P,"NG, 1.5” BRACKET, 4.0” W.C., TEMPERATURE ",107289,West , 06 , 05 , C3 ,300,0,300
  CUS529 , Resideo,WV8840C1406/P,"NG, 1.5” BRACKET, 4.0” W.C., TEMPERATURE ",109841,West , 07 ,17, A3 ,300,0,300
