cus_id,cus_name,product_id,product_description,zone,aisle,rack,level,on_hand,marked,available
  CUS529 , Resideo,WV8840C1406/P,"NG, 1.5” BRACKET, 4.0” W.C., TEMPERATURE ",BLK , BLK , STO , 021 ,300,0,300
  CUS529 , Resideo,WV8840C1406/P,"NG, 1.5” BRACKET, 4.0” W.C., TEMPERATURE ",BLK , BLK , STO , 022 ,300,0,300
  CUS529 , Resideo,WV8840C1406/P,"NG, 1.5” BRACKET, 4.0” W.C., TEMPERATURE ",BLK , BLK , STO , 071 ,300,0,300
  CUS529 , Resideo,WV8840C1406/P,"NG, 1.5” BRACKET, 4.0” W.C., TEMPERATURE ",BLK , BLK , STO , 074 ,300,0,300
  CUS529 , Resideo,WV8840C1406/P,"NG, 1.5” BRACKET, 4.0” W.C., TEMPERATURE ",BLK , BLK , STO , 077 ,300,0,300
  CUS529 , Resideo,WV8840C1406/P,"NG, 1.5” BRACKET, 4.0” W.C., TEMPERATURE ",BLK , BLK , STO , 080 ,300,0,300
  CUS529 , Resideo,WV8840C1406/P,"NG, 1.5” BRACKET, 4.0” W.C., TEMPERATURE ",BLK , BLK , STO , 082 ,300,0,300
  CUS529 , Resideo,WV8840C1406/P,"NG, 1.5” BRACKET, 4.0” W.C., TEMPERATURE ",BLK , BLK , STO , 085 ,300,0,300
  CUS529 , Resideo,WV8840C1406/P,"NG, 1.5” BRACKET, 4.0” W.C., TEMPERATURE ",BLK , BLK , STO , 089 ,300,0,300
  CUS529 , Resideo,WV8840C1406/P,"NG, 1.5” BRACKET, 4.0” W.C., TEMPERATURE ",BLK , BLK , STO , 258 ,200,0,0
  CUS529 , Resideo,WV8840C1406/P,"NG, 1.5” BRACKET, 4.0” W.C., TEMPERATURE ",BLK , BLK , STO , 669 ,200,0,0
  CUS529 , Resideo,WV8840C1406/P,"NG, 1.5” BRACKET, 4.0” W.C., TEMPERATURE ",East , E01 , 01 , B4 ,300,0,300
  CUS529 , Resideo,WV8840C1406/P,"NG, 1.5” BRACKET, 4.0” W.C., TEMPERATURE ",East , E01 , 01 , C2 ,300,0,300
  CUS529 , Resideo,WV8840C1406/P,"NG, 1.5” BRACKET, 4.0” W.C., TEMPERATURE ",East , E01 , 07 , B4 ,300,0,300
  CUS529 , Resideo,WV8840C1406/P,"NG, 1.5” BRACKET, 4.0” W.C., TEMPERATURE ",East , E01 , 08 , D2 ,300,0,300
  CUS529 , Resideo,WV8840C1406/P,"NG, 1.5” BRACKET, 4.0” W.C., TEMPERATURE ",East , E01 , 08 , D3 ,300,0,300
  CUS529 , Resideo,WV8840C1406/P,"NG, 1.5” BRACKET, 4.0” W.C., TEMPERATURE ",East , E01 , 08 , D4 ,300,0,300
  CUS529 , Resideo,WV8840C1406/P,"NG, 1.5” BRACKET, 4.0” W.C., TEMPERATURE ",East , E01 , 10 , C4 ,300,0,300
  CUS529 , Resideo,WV8840C1406/P,"NG, 1.5” BRACKET, 4.0” W.C., TEMPERATURE ",East , E01 , 11 , B2 ,300,0,300
  CUS529 , Resideo,WV8840C1406/P,"NG, 1.5” BRACKET, 4.0” W.C., TEMPERATURE ",East , E01 , 11 , C4 ,300,0,300
  CUS529 , Resideo,WV8840C1406/P,"NG, 1.5” BRACKET, 4.0” W.C., TEMPERATURE ",East , E01 , 12 , C3 ,300,0,300
  CUS529 , Resideo,WV8840C1406/P,"NG, 1.5” BRACKET, 4.0” W.C., TEMPERATURE ",East , E01 , 13 , C2 ,300,0,300
  CUS529 , Resideo,WV8840C1406/P,"NG, 1.5” BRACKET, 4.0” W.C., TEMPERATURE ",East , E01 , 13 , C3 ,300,0,300
  CUS529 , Resideo,WV8840C1406/P,"NG, 1.5” BRACKET, 4.0” W.C., TEMPERATURE ",East , E01 , 13 , C4 ,300,0,300
  CUS529 , Resideo,WV8840C1406/P,"NG, 1.5” BRACKET, 4.0” W.C., TEMPERATURE ",East , E01 , 14 , C4 ,300,0,300
  CUS529 , Resideo,WV8840C1406/P,"NG, 1.5” BRACKET, 4.0” W.C., TEMPERATURE ",East , E01 , 18 , C2 ,300,0,300
  CUS529 , Resideo,WV8840C1406/P,"NG, 1.5” BRACKET, 4.0” W.C., TEMPERATURE ",East , E01 , 22 , A2 ,300,0,300
  CUS529 , Resideo,WV8840C1406/P,"NG, 1.5” BRACKET, 4.0” W.C., TEMPERATURE ",East , E01 , 23 , A4 ,300,0,300
  CUS529 , Resideo,WV8840C1406/P,"NG, 1.5” BRACKET, 4.0” W.C., TEMPERATURE ",East , E01 , 28 , D1 ,300,0,300
  CUS529 , Resideo,WV8840C1406/P,"NG, 1.5” BRACKET, 4.0” W.C., TEMPERATURE ",East , E01 , 29 , A1 ,300,0,300
  CUS529 , Resideo,WV8840C1406/P,"NG, 1.5” BRACKET, 4.0” W.C., TEMPERATURE ",East , E01 , 29 , C2 ,300,0,300
  CUS529 , Resideo,WV8840C1406/P,"NG, 1.5” BRACKET, 4.0” W.C., TEMPERATURE ",East , E01 , 36 , B3 ,300,0,300
  CUS529 , Resideo,WV8840C1406/P,"NG, 1.5” BRACKET, 4.0” W.C., TEMPERATURE ",East , E01 , 36 , C1 ,300,300,0
  CUS529 , Resideo,WV8840C1406/P,"NG, 1.5” BRACKET, 4.0” W.C., TEMPERATURE ",East , E01 , 37 , C4 ,300,300,0
  CUS529 , Resideo,WV8840C1406/P,"NG, 1.5” BRACKET, 4.0” W.C., TEMPERATURE ",East , E01 , 38 , B4 ,300,0,300
  CUS529 , Resideo,WV8840C1406/P,"NG, 1.5” BRACKET, 4.0” W.C., TEMPERATURE ",East , E01 , 39 , B3 ,300,0,300
  CUS529 , Resideo,WV8840C1406/P,"NG, 1.5” BRACKET, 4.0” W.C., TEMPERATURE ",East , E01 , 40 , B3 ,300,0,300
  CUS529 , Resideo,WV8840C1406/P,"NG, 1.5” BRACKET, 4.0” W.C., TEMPERATURE ",East , E01 , 44 , C3 ,300,0,300
  CUS529 , Resideo,WV8840C1406/P,"NG, 1.5” BRACKET, 4.0” W.C., TEMPERATURE ",East , E01 , 46 , A2 ,300,0,300
  CUS529 , Resideo,WV8840C1406/P,"NG, 1.5” BRACKET, 4.0” W.C., TEMPERATURE ",East , E02 , 01 , A2 ,300,0,300
  CUS529 , Resideo,WV8840C1406/P,"NG, 1.5” BRACKET, 4.0” W.C., TEMPERATURE ",East , E02 , 01 , C2 ,300,0,300
  CUS529 , Resideo,WV8840C1406/P,"NG, 1.5” BRACKET, 4.0” W.C., TEMPERATURE ",East , E02 , 01 , C4 ,300,0,300
  CUS529 , Resideo,WV8840C1406/P,"NG, 1.5” BRACKET, 4.0” W.C., TEMPERATURE ",East , E02 , 03 , A2 ,300,0,300
  CUS529 , Resideo,WV8840C1406/P,"NG, 1.5” BRACKET, 4.0” W.C., TEMPERATURE ",East , E02 , 03 , C3 ,300,0,300
  CUS529 , Resideo,WV8840C1406/P,"NG, 1.5” BRACKET, 4.0” W.C., TEMPERATURE ",East , E02 , 04 , C4 ,300,0,300
  CUS529 , Resideo,WV8840C1406/P,"NG, 1.5” BRACKET, 4.0” W.C., TEMPERATURE ",East , E02 , 05 , B1 ,300,0,300
  CUS529 , Resideo,WV8840C1406/P,"NG, 1.5” BRACKET, 4.0” W.C., TEMPERATURE ",East , E02 , 05 , C4 ,300,0,300
  CUS529 , Resideo,WV8840C1406/P,"NG, 1.5” BRACKET, 4.0” W.C., TEMPERATURE ",East , E02 , 06 , A1 ,300,0,300
  CUS529 , Resideo,WV8840C1406/P,"NG, 1.5” BRACKET, 4.0” W.C., TEMPERATURE ",East , E02 , 06 , C2 ,300,0,300
  CUS529 , Resideo,WV8840C1406/P,"NG, 1.5” BRACKET, 4.0” W.C., TEMPERATURE ",East , E02 , 06 , D1 ,300,0,300
  CUS529 , Resideo,WV8840C1406/P,"NG, 1.5” BRACKET, 4.0” W.C., TEMPERATURE ",East , E02 , 07 , A4 ,300,0,300
  CUS529 , Resideo,WV8840C1406/P,"NG, 1.5” BRACKET, 4.0” W.C., TEMPERATURE ",East , E02 , 09 , C4 ,300,0,300
  CUS529 , Resideo,WV8840C1406/P,"NG, 1.5” BRACKET, 4.0” W.C., TEMPERATURE ",East , E02 , 10 , A4 ,300,0,300
  CUS529 , Resideo,WV8840C1406/P,"NG, 1.5” BRACKET, 4.0” W.C., TEMPERATURE ",East , E02 , 10 , C3 ,300,0,300
  CUS529 , Resideo,WV8840C1406/P,"NG, 1.5” BRACKET, 4.0” W.C., TEMPERATURE ",East , E02 , 10 , D1 ,300,0,300
  CUS529 , Resideo,WV8840C1406/P,"NG, 1.5” BRACKET, 4.0” W.C., TEMPERATURE ",East , E02 , 12 , C3 ,300,0,300
  CUS529 , Resideo,WV8840C1406/P,"NG, 1.5” BRACKET, 4.0” W.C., TEMPERATURE ",East , E02 , 12 , D3 ,300,0,300
  CUS529 , Resideo,WV8840C1406/P,"NG, 1.5” BRACKET, 4.0” W.C., TEMPERATURE ",East , E02 , 14 , B2 ,300,0,300
  CUS529 , Resideo,WV8840C1406/P,"NG, 1.5” BRACKET, 4.0” W.C., TEMPERATURE ",East , E02 , 14 , C3 ,300,0,300
  CUS529 , Resideo,WV8840C1406/P,"NG, 1.5” BRACKET, 4.0” W.C., TEMPERATURE ",East , E02 , 17 , B3 ,300,0,300
  CUS529 , Resideo,WV8840C1406/P,"NG, 1.5” BRACKET, 4.0” W.C., TEMPERATURE ",East , E02 , 17 , D1 ,300,0,300
  CUS529 , Resideo,WV8840C1406/P,"NG, 1.5” BRACKET, 4.0” W.C., TEMPERATURE ",East , E02 , 19 , A2 ,300,0,300
  CUS529 , Resideo,WV8840C1406/P,"NG, 1.5” BRACKET, 4.0” W.C., TEMPERATURE ",East , E02 , 20 , A3 ,300,0,300
  CUS529 , Resideo,WV8840C1406/P,"NG, 1.5” BRACKET, 4.0” W.C., TEMPERATURE ",East , E02 , 23 , A2 ,300,0,300
  CUS529 , Resideo,WV8840C1406/P,"NG, 1.5” BRACKET, 4.0” W.C., TEMPERATURE ",East , E02 , 23 , A3 ,300,0,300
  CUS529 , Resideo,WV8840C1406/P,"NG, 1.5” BRACKET, 4.0” W.C., TEMPERATURE ",East , E02 , 23 , B4 ,300,0,300
  CUS529 , Resideo,WV8840C1406/P,"NG, 1.5” BRACKET, 4.0” W.C., TEMPERATURE ",East , E02 , 23 , C1 ,300,0,300
  CUS529 , Resideo,WV8840C1406/P,"NG, 1.5” BRACKET, 4.0” W.C., TEMPERATURE ",East , E02 , 24 , A2 ,300,0,300
  CUS529 , Resideo,WV8840C1406/P,"NG, 1.5” BRACKET, 4.0” W.C., TEMPERATURE ",East , E02 , 24 , B4 ,300,0,300
  CUS529 , Resideo,WV8840C1406/P,"NG, 1.5” BRACKET, 4.0” W.C., TEMPERATURE ",East , E02 , 24 , D4 ,300,0,300
  CUS529 , Resideo,WV8840C1406/P,"NG, 1.5” BRACKET, 4.0” W.C., TEMPERATURE ",East , E02 , 28 , A4 ,300,0,300
  CUS529 , Resideo,WV8840C1406/P,"NG, 1.5” BRACKET, 4.0” W.C., TEMPERATURE ",East , E02 , 28 , D4 ,300,0,300
  CUS529 , Resideo,WV8840C1406/P,"NG, 1.5” BRACKET, 4.0” W.C., TEMPERATURE ",East , E02 , 31 , B3 ,300,0,300
  CUS529 , Resideo,WV8840C1406/P,"NG, 1.5” BRACKET, 4.0” W.C., TEMPERATURE ",East , E02 , 31 , B4 ,300,0,300
  CUS529 , Resideo,WV8840C1406/P,"NG, 1.5” BRACKET, 4.0” W.C., TEMPERATURE ",East , E02 , 32 , D4 ,300,0,300
  CUS529 , Resideo,WV8840C1406/P,"NG, 1.5” BRACKET, 4.0” W.C., TEMPERATURE ",East , E02 , 34 , A4 ,300,0,300
  CUS529 , Resideo,WV8840C1406/P,"NG, 1.5” BRACKET, 4.0” W.C., TEMPERATURE ",East , E02 , 34 , D4 ,300,0,300
  CUS529 , Resideo,WV8840C1406/P,"NG, 1.5” BRACKET, 4.0” W.C., TEMPERATURE ",East , E02 , 37 , D1 ,300,0,300
  CUS529 , Resideo,WV8840C1406/P,"NG, 1.5” BRACKET, 4.0” W.C., TEMPERATURE ",East , E02 , 38 , D4 ,300,0,300
  CUS529 , Resideo,WV8840C1406/P,"NG, 1.5” BRACKET, 4.0” W.C., TEMPERATURE ",East , E02 , 39 , D4 ,300,0,300
  CUS529 , Resideo,WV8840C1406/P,"NG, 1.5” BRACKET, 4.0” W.C., TEMPERATURE ",East , E02 , 41 , A4 ,300,0,300
  CUS529 , Resideo,WV8840C1406/P,"NG, 1.5” BRACKET, 4.0” W.C., TEMPERATURE ",East , E02 , 41 , D3 ,300,0,300
  CUS529 , Resideo,WV8840C1406/P,"NG, 1.5” BRACKET, 4.0” W.C., TEMPERATURE ",East , E02 , 42 , A4 ,300,0,300
  CUS529 , Resideo,WV8840C1406/P,"NG, 1.5” BRACKET, 4.0” W.C., TEMPERATURE ",East , E02 , 42 , D3 ,300,0,300
  CUS529 , Resideo,WV8840C1406/P,"NG, 1.5” BRACKET, 4.0” W.C., TEMPERATURE ",East , E02 , 42 , D4 ,300,0,300
  CUS529 , Resideo,WV8840C1406/P,"NG, 1.5” BRACKET, 4.0” W.C., TEMPERATURE ",East , E02 , 44 , C1 ,300,0,300
  CUS529 , Resideo,WV8840C1406/P,"NG, 1.5” BRACKET, 4.0” W.C., TEMPERATURE ",East , E02 , 45 , B4 ,300,0,300
  CUS529 , Resideo,WV8840C1406/P,"NG, 1.5” BRACKET, 4.0” W.C., TEMPERATURE ",East , E02 , 45 , C1 ,300,0,300
  CUS529 , Resideo,WV8840C1406/P,"NG, 1.5” BRACKET, 4.0” W.C., TEMPERATURE ",East , E02 , 46 , B1 ,300,0,300
  CUS529 , Resideo,WV8840C1406/P,"NG, 1.5” BRACKET, 4.0” W.C., TEMPERATURE ",East , E03 , 01 , B4 ,300,0,300
  CUS529 , Resideo,WV8840C1406/P,"NG, 1.5” BRACKET, 4.0” W.C., TEMPERATURE ",East , E03 , 01 , C1 ,300,0,300
  CUS529 , Resideo,WV8840C1406/P,"NG, 1.5” BRACKET, 4.0” W.C., TEMPERATURE ",East , E03 , 01 , C3 ,300,0,300
  CUS529 , Resideo,WV8840C1406/P,"NG, 1.5” BRACKET, 4.0” W.C., TEMPERATURE ",East , E03 , 01 , D1 ,300,300,0
  CUS529 , Resideo,WV8840C1406/P,"NG, 1.5” BRACKET, 4.0” W.C., TEMPERATURE ",East , E03 , 01 , D2 ,300,300,0
  CUS529 , Resideo,WV8840C1406/P,"NG, 1.5” BRACKET, 4.0” W.C., TEMPERATURE ",East , E03 , 02 , B2 ,300,300,0
  CUS529 , Resideo,WV8840C1406/P,"NG, 1.5” BRACKET, 4.0” W.C., TEMPERATURE ",East , E03 , 02 , B4 ,300,300,0
  CUS529 , Resideo,WV8840C1406/P,"NG, 1.5” BRACKET, 4.0” W.C., TEMPERATURE ",East , E03 , 02 , C1 ,300,300,0
  CUS529 , Resideo,WV8840C1406/P,"NG, 1.5” BRACKET, 4.0” W.C., TEMPERATURE ",East , E03 , 02 , C2 ,300,300,0
  CUS529 , Resideo,WV8840C1406/P,"NG, 1.5” BRACKET, 4.0” W.C., TEMPERATURE ",East , E03 , 02 , C3 ,300,300,0
  CUS529 , Resideo,WV8840C1406/P,"NG, 1.5” BRACKET, 4.0” W.C., TEMPERATURE ",East , E03 , 02 , C4 ,300,300,0
  CUS529 , Resideo,WV8840C1406/P,"NG, 1.5” BRACKET, 4.0” W.C., TEMPERATURE ",East , E03 , 02 , D1 ,300,300,0
  CUS529 , Resideo,WV8840C1406/P,"NG, 1.5” BRACKET, 4.0” W.C., TEMPERATURE ",East , E03 , 02 , D2 ,300,300,0
  CUS529 , Resideo,WV8840C1406/P,"NG, 1.5” BRACKET, 4.0” W.C., TEMPERATURE ",East , E03 , 02 , D3 ,300,300,0
  CUS529 , Resideo,WV8840C1406/P,"NG, 1.5” BRACKET, 4.0” W.C., TEMPERATURE ",East , E03 , 02 , D4 ,300,300,0
  CUS529 , Resideo,WV8840C1406/P,"NG, 1.5” BRACKET, 4.0” W.C., TEMPERATURE ",East , E03 , 03 , A2 ,300,0,300
  CUS529 , Resideo,WV8840C1406/P,"NG, 1.5” BRACKET, 4.0” W.C., TEMPERATURE ",East , E03 , 03 , B3 ,300,0,300
  CUS529 , Resideo,WV8840C1406/P,"NG, 1.5” BRACKET, 4.0” W.C., TEMPERATURE ",East , E03 , 03 , B4 ,300,300,0
  CUS529 , Resideo,WV8840C1406/P,"NG, 1.5” BRACKET, 4.0” W.C., TEMPERATURE ",East , E03 , 06 , D3 ,300,0,300
  CUS529 , Resideo,WV8840C1406/P,"NG, 1.5” BRACKET, 4.0” W.C., TEMPERATURE ",East , E03 , 06 , D4 ,300,0,300
  CUS529 , Resideo,WV8840C1406/P,"NG, 1.5” BRACKET, 4.0” W.C., TEMPERATURE ",East , E03 , 07 , D1 ,300,0,300
  CUS529 , Resideo,WV8840C1406/P,"NG, 1.5” BRACKET, 4.0” W.C., TEMPERATURE ",East , E03 , 07 , D2 ,300,300,0
  CUS529 , Resideo,WV8840C1406/P,"NG, 1.5” BRACKET, 4.0” W.C., TEMPERATURE ",East , E03 , 08 , C2 ,300,300,0
  CUS529 , Resideo,WV8840C1406/P,"NG, 1.5” BRACKET, 4.0” W.C., TEMPERATURE ",East , E03 , 08 , C4 ,300,300,0
  CUS529 , Resideo,WV8840C1406/P,"NG, 1.5” BRACKET, 4.0” W.C., TEMPERATURE ",East , E03 , 09 , D3 ,300,0,300
  CUS529 , Resideo,WV8840C1406/P,"NG, 1.5” BRACKET, 4.0” W.C., TEMPERATURE ",East , E03 , 10 , D4 ,300,0,300
  CUS529 , Resideo,WV8840C1406/P,"NG, 1.5” BRACKET, 4.0” W.C., TEMPERATURE ",East , E03 , 11 , B3 ,300,0,300
  CUS529 , Resideo,WV8840C1406/P,"NG, 1.5” BRACKET, 4.0” W.C., TEMPERATURE ",East , E03 , 12 , B4 ,300,0,300
  CUS529 , Resideo,WV8840C1406/P,"NG, 1.5” BRACKET, 4.0” W.C., TEMPERATURE ",East , E03 , 13 , A4 ,300,0,300
  CUS529 , Resideo,WV8840C1406/P,"NG, 1.5” BRACKET, 4.0” W.C., TEMPERATURE ",East , E03 , 14 , C2 ,300,0,300
  CUS529 , Resideo,WV8840C1406/P,"NG, 1.5” BRACKET, 4.0” W.C., TEMPERATURE ",East , E03 , 15 , C2 ,300,0,300
  CUS529 , Resideo,WV8840C1406/P,"NG, 1.5” BRACKET, 4.0” W.C., TEMPERATURE ",East , E03 , 17 , C2 ,300,0,300
  CUS529 , Resideo,WV8840C1406/P,"NG, 1.5” BRACKET, 4.0” W.C., TEMPERATURE ",East , E03 , 18 , B4 ,300,0,300
  CUS529 , Resideo,WV8840C1406/P,"NG, 1.5” BRACKET, 4.0” W.C., TEMPERATURE ",East , E03 , 20 , B4 ,300,0,300
  CUS529 , Resideo,WV8840C1406/P,"NG, 1.5” BRACKET, 4.0” W.C., TEMPERATURE ",East , E03 , 21 , B3 ,300,0,300
  CUS529 , Resideo,WV8840C1406/P,"NG, 1.5” BRACKET, 4.0” W.C., TEMPERATURE ",East , E03 , 21 , B4 ,300,0,300
  CUS529 , Resideo,WV8840C1406/P,"NG, 1.5” BRACKET, 4.0” W.C., TEMPERATURE ",East , E03 , 21 , D2 ,300,0,300
  CUS529 , Resideo,WV8840C1406/P,"NG, 1.5” BRACKET, 4.0” W.C., TEMPERATURE ",East , E03 , 24 , A1 ,300,0,300
  CUS529 , Resideo,WV8840C1406/P,"NG, 1.5” BRACKET, 4.0” W.C., TEMPERATURE ",East , E03 , 24 , C2 ,300,0,300
  CUS529 , Resideo,WV8840C1406/P,"NG, 1.5” BRACKET, 4.0” W.C., TEMPERATURE ",East , E03 , 25 , C2 ,300,0,300
  CUS529 , Resideo,WV8840C1406/P,"NG, 1.5” BRACKET, 4.0” W.C., TEMPERATURE ",East , E03 , 27 , C2 ,300,0,300
  CUS529 , Resideo,WV8840C1406/P,"NG, 1.5” BRACKET, 4.0” W.C., TEMPERATURE ",East , E03 , 27 , C4 ,300,0,300
  CUS529 , Resideo,WV8840C1406/P,"NG, 1.5” BRACKET, 4.0” W.C., TEMPERATURE ",East , E03 , 27 , D2 ,300,0,300
  CUS529 , Resideo,WV8840C1406/P,"NG, 1.5” BRACKET, 4.0” W.C., TEMPERATURE ",East , E03 , 27 , D4 ,300,0,300
  CUS529 , Resideo,WV8840C1406/P,"NG, 1.5” BRACKET, 4.0” W.C., TEMPERATURE ",East , E03 , 28 , A1 ,300,0,300
  CUS529 , Resideo,WV8840C1406/P,"NG, 1.5” BRACKET, 4.0” W.C., TEMPERATURE ",East , E03 , 28 , A2 ,300,0,300
  CUS529 , Resideo,WV8840C1406/P,"NG, 1.5” BRACKET, 4.0” W.C., TEMPERATURE ",East , E03 , 28 , A4 ,200,0,200
  CUS529 , Resideo,WV8840C1406/P,"NG, 1.5” BRACKET, 4.0” W.C., TEMPERATURE ",East , E03 , 28 , B1 ,300,0,300
  CUS529 , Resideo,WV8840C1406/P,"NG, 1.5” BRACKET, 4.0” W.C., TEMPERATURE ",East , E03 , 28 , B2 ,300,0,300
  CUS529 , Resideo,WV8840C1406/P,"NG, 1.5” BRACKET, 4.0” W.C., TEMPERATURE ",East , E03 , 29 , B2 ,300,0,300
  CUS529 , Resideo,WV8840C1406/P,"NG, 1.5” BRACKET, 4.0” W.C., TEMPERATURE ",East , E03 , 29 , D1 ,300,0,300
  CUS529 , Resideo,WV8840C1406/P,"NG, 1.5” BRACKET, 4.0” W.C., TEMPERATURE ",East , E03 , 29 , D2 ,300,0,300
  CUS529 , Resideo,WV8840C1406/P,"NG, 1.5” BRACKET, 4.0” W.C., TEMPERATURE ",East , E03 , 30 , D1 ,300,0,300
  CUS529 , Resideo,WV8840C1406/P,"NG, 1.5” BRACKET, 4.0” W.C., TEMPERATURE ",East , E03 , 30 , D2 ,300,0,300
  CUS529 , Resideo,WV8840C1406/P,"NG, 1.5” BRACKET, 4.0” W.C., TEMPERATURE ",East , E03 , 30 , D3 ,300,0,300
  CUS529 , Resideo,WV8840C1406/P,"NG, 1.5” BRACKET, 4.0” W.C., TEMPERATURE ",East , E03 , 30 , D4 ,300,0,300
  CUS529 , Resideo,WV8840C1406/P,"NG, 1.5” BRACKET, 4.0” W.C., TEMPERATURE ",East , E03 , 31 , C2 ,300,0,300
  CUS529 , Resideo,WV8840C1406/P,"NG, 1.5” BRACKET, 4.0” W.C., TEMPERATURE ",East , E03 , 31 , C3 ,300,0,300
  CUS529 , Resideo,WV8840C1406/P,"NG, 1.5” BRACKET, 4.0” W.C., TEMPERATURE ",East , E03 , 31 , C4 ,300,0,300
  CUS529 , Resideo,WV8840C1406/P,"NG, 1.5” BRACKET, 4.0” W.C., TEMPERATURE ",East , E03 , 32 , D1 ,300,0,300
  CUS529 , Resideo,WV8840C1406/P,"NG, 1.5” BRACKET, 4.0” W.C., TEMPERATURE ",East , E03 , 32 , D2 ,300,0,300
  CUS529 , Resideo,WV8840C1406/P,"NG, 1.5” BRACKET, 4.0” W.C., TEMPERATURE ",East , E03 , 32 , D3 ,300,0,300
  CUS529 , Resideo,WV8840C1406/P,"NG, 1.5” BRACKET, 4.0” W.C., TEMPERATURE ",East , E03 , 32 , D4 ,300,0,300
  CUS529 , Resideo,WV8840C1406/P,"NG, 1.5” BRACKET, 4.0” W.C., TEMPERATURE ",East , E03 , 39 , A4 ,300,0,300
  CUS529 , Resideo,WV8840C1406/P,"NG, 1.5” BRACKET, 4.0” W.C., TEMPERATURE ",East , E03 , 40 , C1 ,300,0,300
  CUS529 , Resideo,WV8840C1406/P,"NG, 1.5” BRACKET, 4.0” W.C., TEMPERATURE ",East , E03 , 40 , C2 ,300,0,300
  CUS529 , Resideo,WV8840C1406/P,"NG, 1.5” BRACKET, 4.0” W.C., TEMPERATURE ",East , E03 , 42 , B2 ,300,0,300
  CUS529 , Resideo,WV8840C1406/P,"NG, 1.5” BRACKET, 4.0” W.C., TEMPERATURE ",East , E03 , 42 , B4 ,300,0,300
  CUS529 , Resideo,WV8840C1406/P,"NG, 1.5” BRACKET, 4.0” W.C., TEMPERATURE ",East , E03 , 44 , B1 ,300,0,300
  CUS529 , Resideo,WV8840C1406/P,"NG, 1.5” BRACKET, 4.0” W.C., TEMPERATURE ",East , E03 , 45 , B2 ,300,0,300
  CUS529 , Resideo,WV8840C1406/P,"NG, 1.5” BRACKET, 4.0” W.C., TEMPERATURE ",East , E03 , 46 , C2 ,300,0,300
  CUS529 , Resideo,WV8840C1406/P,"NG, 1.5” BRACKET, 4.0” W.C., TEMPERATURE ",East , E03 , 46 , C3 ,300,0,300
  CUS529 , Resideo,WV8840C1406/P,"NG, 1.5” BRACKET, 4.0” W.C., TEMPERATURE ",East , E04 , 01 , C1 ,300,0,300
  CUS529 , Resideo,WV8840C1406/P,"NG, 1.5” BRACKET, 4.0” W.C., TEMPERATURE ",East , E04 , 01 , D2 ,300,0,300
  CUS529 , Resideo,WV8840C1406/P,"NG, 1.5” BRACKET, 4.0” W.C., TEMPERATURE ",East , E04 , 01 , D3 ,300,0,300
  CUS529 , Resideo,WV8840C1406/P,"NG, 1.5” BRACKET, 4.0” W.C., TEMPERATURE ",East , E04 , 03 , B1 ,300,0,300
  CUS529 , Resideo,WV8840C1406/P,"NG, 1.5” BRACKET, 4.0” W.C., TEMPERATURE ",East , E04 , 03 , D1 ,300,0,300
  CUS529 , Resideo,WV8840C1406/P,"NG, 1.5” BRACKET, 4.0” W.C., TEMPERATURE ",East , E04 , 03 , D2 ,300,0,300
  CUS529 , Resideo,WV8840C1406/P,"NG, 1.5” BRACKET, 4.0” W.C., TEMPERATURE ",East , E04 , 03 , D3 ,300,0,300
  CUS529 , Resideo,WV8840C1406/P,"NG, 1.5” BRACKET, 4.0” W.C., TEMPERATURE ",East , E04 , 05 , A3 ,300,0,300
  CUS529 , Resideo,WV8840C1406/P,"NG, 1.5” BRACKET, 4.0” W.C., TEMPERATURE ",East , E04 , 05 , B1 ,300,0,300
  CUS529 , Resideo,WV8840C1406/P,"NG, 1.5” BRACKET, 4.0” W.C., TEMPERATURE ",East , E04 , 06 , A4 ,300,0,300
  CUS529 , Resideo,WV8840C1406/P,"NG, 1.5” BRACKET, 4.0” W.C., TEMPERATURE ",East , E04 , 06 , B3 ,300,0,300
  CUS529 , Resideo,WV8840C1406/P,"NG, 1.5” BRACKET, 4.0” W.C., TEMPERATURE ",East , E04 , 07 , C2 ,300,0,300
  CUS529 , Resideo,WV8840C1406/P,"NG, 1.5” BRACKET, 4.0” W.C., TEMPERATURE ",East , E04 , 08 , A1 ,300,0,300
  CUS529 , Resideo,WV8840C1406/P,"NG, 1.5” BRACKET, 4.0” W.C., TEMPERATURE ",East , E04 , 08 , A4 ,300,0,300
  CUS529 , Resideo,WV8840C1406/P,"NG, 1.5” BRACKET, 4.0” W.C., TEMPERATURE ",East , E04 , 08 , C3 ,300,0,300
  CUS529 , Resideo,WV8840C1406/P,"NG, 1.5” BRACKET, 4.0” W.C., TEMPERATURE ",East , E04 , 08 , C4 ,300,0,300
  CUS529 , Resideo,WV8840C1406/P,"NG, 1.5” BRACKET, 4.0” W.C., TEMPERATURE ",East , E04 , 09 , A3 ,300,0,300
  CUS529 , Resideo,WV8840C1406/P,"NG, 1.5” BRACKET, 4.0” W.C., TEMPERATURE ",East , E04 , 09 , C1 ,300,0,300
  CUS529 , Resideo,WV8840C1406/P,"NG, 1.5” BRACKET, 4.0” W.C., TEMPERATURE ",East , E04 , 09 , C2 ,300,0,300
  CUS529 , Resideo,WV8840C1406/P,"NG, 1.5” BRACKET, 4.0” W.C., TEMPERATURE ",East , E04 , 10 , A1 ,300,0,300
  CUS529 , Resideo,WV8840C1406/P,"NG, 1.5” BRACKET, 4.0” W.C., TEMPERATURE ",East , E04 , 10 , A3 ,300,0,300
  CUS529 , Resideo,WV8840C1406/P,"NG, 1.5” BRACKET, 4.0” W.C., TEMPERATURE ",East , E04 , 13 , C4 ,300,0,300
  CUS529 , Resideo,WV8840C1406/P,"NG, 1.5” BRACKET, 4.0” W.C., TEMPERATURE ",East , E04 , 15 , C2 ,300,0,300
  CUS529 , Resideo,WV8840C1406/P,"NG, 1.5” BRACKET, 4.0” W.C., TEMPERATURE ",East , E04 , 16 , C4 ,300,0,300
  CUS529 , Resideo,WV8840C1406/P,"NG, 1.5” BRACKET, 4.0” W.C., TEMPERATURE ",East , E04 , 16 , D3 ,300,0,300
  CUS529 , Resideo,WV8840C1406/P,"NG, 1.5” BRACKET, 4.0” W.C., TEMPERATURE ",East , E04 , 17 , C4 ,300,0,300
  CUS529 , Resideo,WV8840C1406/P,"NG, 1.5” BRACKET, 4.0” W.C., TEMPERATURE ",East , E04 , 18 , A1 ,300,0,300
  CUS529 , Resideo,WV8840C1406/P,"NG, 1.5” BRACKET, 4.0” W.C., TEMPERATURE ",East , E04 , 19 , C3 ,300,0,300
  CUS529 , Resideo,WV8840C1406/P,"NG, 1.5” BRACKET, 4.0” W.C., TEMPERATURE ",East , E04 , 20 , C4 ,300,0,300
  CUS529 , Resideo,WV8840C1406/P,"NG, 1.5” BRACKET, 4.0” W.C., TEMPERATURE ",East , E04 , 25 , A3 ,300,0,300
  CUS529 , Resideo,WV8840C1406/P,"NG, 1.5” BRACKET, 4.0” W.C., TEMPERATURE ",East , E04 , 26 , A4 ,300,0,300
  CUS529 , Resideo,WV8840C1406/P,"NG, 1.5” BRACKET, 4.0” W.C., TEMPERATURE ",East , E04 , 27 , A4 ,300,0,300
  CUS529 , Resideo,WV8840C1406/P,"NG, 1.5” BRACKET, 4.0” W.C., TEMPERATURE ",East , E04 , 27 , C1 ,300,0,300
  CUS529 , Resideo,WV8840C1406/P,"NG, 1.5” BRACKET, 4.0” W.C., TEMPERATURE ",East , E04 , 28 , A1 ,300,0,300
  CUS529 , Resideo,WV8840C1406/P,"NG, 1.5” BRACKET, 4.0” W.C., TEMPERATURE ",East , E04 , 28 , A3 ,300,0,300
  CUS529 , Resideo,WV8840C1406/P,"NG, 1.5” BRACKET, 4.0” W.C., TEMPERATURE ",East , E04 , 29 , A4 ,300,0,300
  CUS529 , Resideo,WV8840C1406/P,"NG, 1.5” BRACKET, 4.0” W.C., TEMPERATURE ",East , E04 , 30 , B1 ,300,0,300
  CUS529 , Resideo,WV8840C1406/P,"NG, 1.5” BRACKET, 4.0” W.C., TEMPERATURE ",East , E04 , 31 , A3 ,300,0,300
  CUS529 , Resideo,WV8840C1406/P,"NG, 1.5” BRACKET, 4.0” W.C., TEMPERATURE ",East , E04 , 33 , B2 ,300,0,300
  CUS529 , Resideo,WV8840C1406/P,"NG, 1.5” BRACKET, 4.0” W.C., TEMPERATURE ",East , E04 , 36 , A3 ,300,0,300
  CUS529 , Resideo,WV8840C1406/P,"NG, 1.5” BRACKET, 4.0” W.C., TEMPERATURE ",East , E04 , 37 , B2 ,300,0,300
  CUS529 , Resideo,WV8840C1406/P,"NG, 1.5” BRACKET, 4.0” W.C., TEMPERATURE ",East , E04 , 38 , B2 ,300,0,300
  CUS529 , Resideo,WV8840C1406/P,"NG, 1.5” BRACKET, 4.0” W.C., TEMPERATURE ",East , E04 , 38 , C2 ,300,0,300
  CUS529 , Resideo,WV8840C1406/P,"NG, 1.5” BRACKET, 4.0” W.C., TEMPERATURE ",East , E04 , 38 , D1 ,300,0,300
  CUS529 , Resideo,WV8840C1406/P,"NG, 1.5” BRACKET, 4.0” W.C., TEMPERATURE ",East , E04 , 39 , C1 ,300,0,300
  CUS529 , Resideo,WV8840C1406/P,"NG, 1.5” BRACKET, 4.0” W.C., TEMPERATURE ",East , E04 , 39 , C2 ,300,0,300
  CUS529 , Resideo,WV8840C1406/P,"NG, 1.5” BRACKET, 4.0” W.C., TEMPERATURE ",East , E04 , 40 , D1 ,300,0,300
  CUS529 , Resideo,WV8840C1406/P,"NG, 1.5” BRACKET, 4.0” W.C., TEMPERATURE ",East , E04 , 40 , D2 ,300,0,300
  CUS529 , Resideo,WV8840C1406/P,"NG, 1.5” BRACKET, 4.0” W.C., TEMPERATURE ",East , E04 , 40 , D3 ,300,0,300
  CUS529 , Resideo,WV8840C1406/P,"NG, 1.5” BRACKET, 4.0” W.C., TEMPERATURE ",East , E04 , 41 , C3 ,300,0,300
  CUS529 , Resideo,WV8840C1406/P,"NG, 1.5” BRACKET, 4.0” W.C., TEMPERATURE ",East , E04 , 43 , B1 ,300,0,300
  CUS529 , Resideo,WV8840C1406/P,"NG, 1.5” BRACKET, 4.0” W.C., TEMPERATURE ",East , E05 , 05 , C2 ,300,0,300
  CUS529 , Resideo,WV8840C1406/P,"NG, 1.5” BRACKET, 4.0” W.C., TEMPERATURE ",East , E05 , 06 , D1 ,300,0,300
  CUS529 , Resideo,WV8840C1406/P,"NG, 1.5” BRACKET, 4.0” W.C., TEMPERATURE ",East , E05 , 14 , D2 ,300,0,300
  CUS529 , Resideo,WV8840C1406/P,"NG, 1.5” BRACKET, 4.0” W.C., TEMPERATURE ",East , E05 , 16 , B2 ,300,0,300
  CUS529 , Resideo,WV8840C1406/P,"NG, 1.5” BRACKET, 4.0” W.C., TEMPERATURE ",East , E05 , 18 , C2 ,300,0,300
  CUS529 , Resideo,WV8840C1406/P,"NG, 1.5” BRACKET, 4.0” W.C., TEMPERATURE ",East , E05 , 19 , C1 ,300,0,300
  CUS529 , Resideo,WV8840C1406/P,"NG, 1.5” BRACKET, 4.0” W.C., TEMPERATURE ",East , E05 , 26 , C1 ,300,0,300
  CUS529 , Resideo,WV8840C1406/P,"NG, 1.5” BRACKET, 4.0” W.C., TEMPERATURE ",East , E05 , 27 , B2 ,300,0,300
  CUS529 , Resideo,WV8840C1406/P,"NG, 1.5” BRACKET, 4.0” W.C., TEMPERATURE ",East , E05 , 28 , B1 ,300,0,300
  CUS529 , Resideo,WV8840C1406/P,"NG, 1.5” BRACKET, 4.0” W.C., TEMPERATURE ",East , E05 , 28 , B2 ,300,0,300
  CUS529 , Resideo,WV8840C1406/P,"NG, 1.5” BRACKET, 4.0” W.C., TEMPERATURE ",East , E05 , 31 , E2 ,300,0,300
  CUS529 , Resideo,WV8840C1406/P,"NG, 1.5” BRACKET, 4.0” W.C., TEMPERATURE ",East , E05 , 32 , E1 ,300,0,300
  CUS529 , Resideo,WV8840C1406/P,"NG, 1.5” BRACKET, 4.0” W.C., TEMPERATURE ",East , E05 , 33 , E2 ,300,0,300
  CUS529 , Resideo,WV8840C1406/P,"NG, 1.5” BRACKET, 4.0” W.C., TEMPERATURE ",East , E05 , 34 , E2 ,300,0,300
  CUS529 , Resideo,WV8840C1406/P,"NG, 1.5” BRACKET, 4.0” W.C., TEMPERATURE ",East , E05 , 36 , B2 ,300,0,300
  CUS529 , Resideo,WV8840C1406/P,"NG, 1.5” BRACKET, 4.0” W.C., TEMPERATURE ",East , E05 , 37 , B2 ,300,0,300
  CUS529 , Resideo,WV8840C1406/P,"NG, 1.5” BRACKET, 4.0” W.C., TEMPERATURE ",East , E05 , 37 , E2 ,300,0,300
  CUS529 , Resideo,WV8840C1406/P,"NG, 1.5” BRACKET, 4.0” W.C., TEMPERATURE ",East , E05 , 41 , E2 ,300,0,300
  CUS529 , Resideo,WV8840C1406/P,"NG, 1.5” BRACKET, 4.0” W.C., TEMPERATURE ",East , E05 , 42 , E1 ,300,0,300
  CUS529 , Resideo,WV8840C1406/P,"NG, 1.5” BRACKET, 4.0” W.C., TEMPERATURE ",East , E06 , 03 , C2 ,300,0,300
  CUS529 , Resideo,WV8840C1406/P,"NG, 1.5” BRACKET, 4.0” W.C., TEMPERATURE ",East , E06 , 04 , E1 ,300,0,300
  CUS529 , Resideo,WV8840C1406/P,"NG, 1.5” BRACKET, 4.0” W.C., TEMPERATURE ",East , E06 , 09 , E2 ,300,0,300
  CUS529 , Resideo,WV8840C1406/P,"NG, 1.5” BRACKET, 4.0” W.C., TEMPERATURE ",East , E06 , 16 , C1 ,300,0,300
  CUS529 , Resideo,WV8840C1406/P,"NG, 1.5” BRACKET, 4.0” W.C., TEMPERATURE ",East , E06 , 16 , C2 ,300,0,300
  CUS529 , Resideo,WV8840C1406/P,"NG, 1.5” BRACKET, 4.0” W.C., TEMPERATURE ",East , E06 , 18 , C1 ,300,0,300
  CUS529 , Resideo,WV8840C1406/P,"NG, 1.5” BRACKET, 4.0” W.C., TEMPERATURE ",East , E06 , 18 , C2 ,300,0,300
  CUS529 , Resideo,WV8840C1406/P,"NG, 1.5” BRACKET, 4.0” W.C., TEMPERATURE ",East , E06 , 19 , C1 ,300,0,300
  CUS529 , Resideo,WV8840C1406/P,"NG, 1.5” BRACKET, 4.0” W.C., TEMPERATURE ",East , E06 , 19 , E2 ,300,0,300
  CUS529 , Resideo,WV8840C1406/P,"NG, 1.5” BRACKET, 4.0” W.C., TEMPERATURE ",STG , STG , STG , 96 ,200,0,0
  CUS529 , Resideo,WV8840C1406/P,"NG, 1.5” BRACKET, 4.0” W.C., TEMPERATURE ",West , 01 , 07 , A2 ,300,0,300
  CUS529 , Resideo,WV8840C1406/P,"NG, 1.5” BRACKET, 4.0” W.C., TEMPERATURE ",West , 01 , 15 , A2 ,300,0,300
  CUS529 , Resideo,WV8840C1406/P,"NG, 1.5” BRACKET, 4.0” W.C., TEMPERATURE ",West , 02 , 02 , A2 ,300,0,300
  CUS529 , Resideo,WV8840C1406/P,"NG, 1.5” BRACKET, 4.0” W.C., TEMPERATURE ",West , 03 , 08 , B3 ,300,0,300
  CUS529 , Resideo,WV8840C1406/P,"NG, 1.5” BRACKET, 4.0” W.C., TEMPERATURE ",West , 03 , 14 , B1 ,300,0,300
  CUS529 , Resideo,WV8840C1406/P,"NG, 1.5” BRACKET, 4.0” W.C., TEMPERATURE ",West , 03 , 29 , A2 ,300,0,300
  CUS529 , Resideo,WV8840C1406/P,"NG, 1.5” BRACKET, 4.0” W.C., TEMPERATURE ",West , 04 , 10 , D1 ,300,0,300
  CUS529 , Resideo,WV8840C1406/P,"NG, 1.5” BRACKET, 4.0” W.C., TEMPERATURE ",West , 04 , 10 , D2 ,300,0,300
  CUS529 , Resideo,WV8840C1406/P,"NG, 1.5” BRACKET, 4.0” W.C., TEMPERATURE ",West , 04 , 19 , B2 ,300,0,300
  CUS529 , Resideo,WV8840C1406/P,"NG, 1.5” BRACKET, 4.0” W.C., TEMPERATURE ",West , 04 , 23 , B2 ,300,0,300
  CUS529 , Resideo,WV8840C1406/P,"NG, 1.5” BRACKET, 4.0” W.C., TEMPERATURE ",West , 04 , 34 , A1 ,300,0,300
  CUS529 , Resideo,WV8840C1406/P,"NG, 1.5” BRACKET, 4.0” W.C., TEMPERATURE ",West , 04 , 36 , A2 ,300,0,300
  CUS529 , Resideo,WV8840C1406/P,"NG, 1.5” BRACKET, 4.0” W.C., TEMPERATURE ",West , 04 , 38 , A2 ,300,0,300
  CUS529 , Resideo,WV8840C1406/P,"NG, 1.5” BRACKET, 4.0” W.C., TEMPERATURE ",West , 04 , 45 , A1 ,300,0,300
  CUS529 , Resideo,WV8840C1406/P,"NG, 1.5” BRACKET, 4.0” W.C., TEMPERATURE ",West , 05 , 11 , D3 ,300,0,300
  CUS529 , Resideo,WV8840C1406/P,"NG, 1.5” BRACKET, 4.0” W.C., TEMPERATURE ",West , 05 , 15 , D2 ,300,0,300
  CUS529 , Resideo,WV8840C1406/P,"NG, 1.5” BRACKET, 4.0” W.C., TEMPERATURE ",West , 05 , 30 , B1 ,300,0,300
  CUS529 , Resideo,WV8840C1406/P,"NG, 1.5” BRACKET, 4.0” W.C., TEMPERATURE ",West , 05 , 30 , C2 ,300,0,300
  CUS529 , Resideo,WV8840C1406/P,"NG, 1.5” BRACKET, 4.0” W.C., TEMPERATURE ",West , 05 , 30 , D1 ,300,0,300
  CUS529 , Resideo,WV8840C1406/P,"NG, 1.5” BRACKET, 4.0” W.C., TEMPERATURE ",West , 05 , 31 , C1 ,300,0,300
  CUS529 , Resideo,WV8840C1406/P,"NG, 1.5” BRACKET, 4.0” W.C., TEMPERATURE ",West , 05 , 31 , C2 ,300,0,300
  CUS529 , Resideo,WV8840C1406/P,"NG, 1.5” BRACKET, 4.0” W.C., TEMPERATURE ",West , 05 , 31 , C3 ,300,0,300
  CUS529 , Resideo,WV8840C1406/P,"NG, 1.5” BRACKET, 4.0” W.C., TEMPERATURE ",West , 06 , 01 , B4 ,300,0,300
  CUS529 , Resideo,WV8840C1406/P,"NG, 1.5” BRACKET, 4.0” W.C., TEMPERATURE ",West , 06 , 03 , B4 ,300,0,300
  CUS529 , Resideo,WV8840C1406/P,"NG, 1.5” BRACKET, 4.0” W.C., TEMPERATURE ",West , 06 , 03 , D4 ,300,0,300
  CUS529 , Resideo,WV8840C1406/P,"NG, 1.5” BRACKET, 4.0” W.C., TEMPERATURE ",West , 06 , 05 , C3 ,300,0,300
  CUS529 , Resideo,WV8840C1406/P,"NG, 1.5” BRACKET, 4.0” W.C., TEMPERATURE ",West , 07 , 17 , A3 ,300,0,300
